results,middle,upper
1,0,1
2,0,2
3,0,3
4,0,4
5,0,5
6,0,6
7,0,7
8,0,8
9,0,9
10,1,10
11,1,11
12,1,12
13,1,12
14,1,13
15,1,14
16,2,14
17,3,15
18,3,16
19,3,16
20,3,17
21,3,18
22,3,19
23,4,19
24,4,20
25,4,21
26,4,22
27,4,23
28,4,24
29,4,25
30,4,26
31,4,27
32,5,27
33,5,28
34,5,29
35,6,29
36,6,30
37,6,31
38,6,32
39,6,33
40,6,33
41,6,34
42,6,35
43,6,36
44,6,36
45,7,36
46,8,36
47,9,36
48,10,36
49,11,36
50,11,37
51,11,38
52,12,38
53,12,39
54,13,39
55,14,39
56,14,40
57,14,41
58,14,42
59,14,43
60,14,44
61,14,45
62,14,46
63,15,46
64,15,47
65,15,48
66,15,49
67,16,49
68,16,50
69,16,51
70,17,51
71,17,51
72,17,52
73,17,52
74,17,53
75,17,54
76,18,54
77,18,55
78,19,55
79,20,55
80,21,55
81,21,56
82,22,56
83,22,57
84,22,58
85,23,58
86,23,58
87,23,59
88,23,60
89,23,62
90,24,62
91,24,63
92,25,63
93,26,63
94,27,63
95,27,64
96,27,65
97,27,65
98,27,65
99,27,66
100,27,66
101,27,67
102,27,67
103,27,67
104,28,67
105,28,67
106,29,67
107,30,67
108,30,67
109,30,67
110,30,68
111,31,68
112,31,69
113,31,70
114,32,70
115,33,70
116,34,70
117,34,71
118,34,72
119,35,72
120,36,72
121,36,73
122,36,74
123,36,75
124,37,75
125,38,75
126,39,75
127,40,75
128,40,75
129,40,75
130,41,75
131,41,75
132,41,75
133,42,75
134,43,75
135,44,75
136,45,75
137,46,75
138,46,75
139,47,75
140,47,75
141,47,75
142,47,75
143,48,75
144,48,76
145,49,77
146,49,78
147,50,78
148,51,78
149,52,78
150,52,79
151,52,80
152,52,80
153,52,80
154,53,80
155,53,80
156,54,80
157,55,80
158,56,80
159,57,80
160,57,80
161,57,81
162,58,81
163,59,81
164,59,81
165,60,81
166,60,81
167,61,81
168,62,81
169,62,81
170,63,81
171,63,82
172,63,82
173,64,82
174,65,82
175,66,82
176,67,82
177,68,82
178,69,82
179,70,82
180,70,82
181,70,82
182,70,83
183,71,83
184,71,83
185,71,83
186,72,83
187,73,83
188,74,83
189,74,83
190,75,83
191,75,84
192,76,84
193,76,84
194,76,84
195,76,84
196,77,84
197,78,84
198,79,84
199,80,84
200,81,84
201,81,84
202,81,85
203,82,85
204,83,85
205,83,85
206,84,85
207,85,85
208,85,86
209,85,87
210,85,87
211,86,87
212,87,87
213,87,87
214,87,88
215,88,88
216,89,88
217,90,88
218,91,88
219,92,88
220,92,89
221,93,89
222,93,89
223,93,89
224,93,89
225,94,89
226,95,89
227,95,89
228,95,89
229,95,90
230,96,90
231,96,90
232,97,90
233,97,90
234,98,90
235,99,90
236,100,90
237,101,90
238,101,91
239,102,91
240,103,91
241,104,91
242,105,91
243,105,91
244,105,91
245,105,91
246,106,91
247,106,91
248,106,91
249,106,91
250,106,91
251,107,91
252,108,91
253,109,91
254,110,91
255,111,91
256,112,91
257,112,91
258,112,91
259,113,91
260,113,92
261,113,92
262,114,92
263,114,92
264,115,92
265,115,92
266,115,92
267,116,92
268,117,92
269,117,92
270,118,92
271,119,92
272,120,92
273,120,92
274,120,92
275,121,92
276,122,92
277,122,92
278,122,92
279,122,92
280,123,92
281,123,92
282,124,92
283,124,92
284,125,92
285,125,92
286,126,92
287,126,92
288,126,92
289,127,92
290,127,92
291,128,92
292,128,92
293,128,92
294,128,93
295,129,93
296,129,93
297,130,93
298,130,93
299,130,93
300,130,93
301,131,93
302,132,93
303,133,93
304,133,93
305,134,93
306,134,93
307,135,93
308,136,93
309,136,93
310,136,93
311,137,93
312,138,93
313,138,93
314,138,93
315,139,93
316,139,93
317,139,93
318,140,93
319,141,93
320,142,93
321,142,93
322,142,93
323,143,93
324,143,93
325,143,93
326,144,93
327,144,94
328,145,94
329,146,94
330,147,94
331,147,94
332,147,94
333,147,94
334,148,94
335,149,94
336,150,94
337,151,94
338,152,94
339,152,94
340,153,94
341,154,94
342,155,94
343,155,94
344,155,94
345,155,94
346,155,94
347,155,94
348,156,94
349,157,94
350,157,94
351,157,94
352,157,94
353,157,95
354,157,95
355,157,95
356,157,95
357,157,95
358,158,95
359,159,95
360,160,95
361,160,95
362,161,95
363,161,95
364,162,95
365,162,96
366,163,96
367,163,96
368,164,96
369,164,96
370,164,96
371,164,96
372,165,96
373,165,96
374,166,96
375,166,96
376,167,96
377,168,96
378,169,96
379,169,96
380,169,96
381,169,96
382,169,96
383,170,96
384,171,96
385,172,96
386,172,96
387,173,96
388,173,96
389,173,97
390,174,97
391,174,98
392,174,98
393,174,98
394,174,98
395,174,98
396,175,98
397,175,98
398,176,98
399,176,98
400,176,98
401,177,98
402,177,98
403,178,98
404,178,98
405,178,98
406,179,98
407,179,98
408,180,98
409,180,98
410,180,98
411,180,98
412,180,98
413,180,98
414,181,98
415,181,98
416,181,98
417,182,98
418,182,98
419,183,98
420,183,98
421,184,98
422,185,98
423,185,98
424,186,98
425,187,98
426,188,98
427,188,98
428,188,98
429,188,98
430,189,98
431,189,98
432,189,98
433,190,98
434,190,98
435,190,98
436,191,98
437,192,98
438,193,98
439,193,98
440,193,98
441,193,98
442,193,98
443,193,98
444,193,98
445,194,98
446,194,98
447,194,99
448,195,99
449,195,99
450,195,99
451,196,99
452,197,99
453,197,99
454,197,99
455,197,99
456,198,99
457,198,99
458,199,99
459,199,99
460,200,99
461,200,100
462,201,100
463,201,100
464,201,100
465,202,100
466,202,100
467,203,100
468,203,100
469,203,100
470,204,100
471,205,100
472,205,100
473,205,100
474,206,100
475,206,100
476,207,100
477,207,100
478,208,100
479,209,100
480,209,100
481,209,100
482,210,100
483,210,100
484,211,100
485,211,100
486,211,100
487,211,100
488,211,100
489,212,100
490,213,100
491,214,100
492,215,100
493,216,100
494,217,100
495,218,100
496,219,100
497,220,100
498,220,100
499,220,100
500,220,100
501,220,100
502,220,100
503,221,100
504,221,100
505,222,100
506,223,100
507,224,100
508,224,100
509,225,100
510,225,100
511,226,100
512,227,100
513,227,100
514,228,100
515,229,100
516,229,100
517,229,100
518,230,100
519,231,100
520,231,100
521,231,100
522,231,100
523,231,100
524,232,102
525,232,102
526,233,102
527,234,102
528,234,102
529,235,102
530,235,102
531,236,102
532,237,102
533,237,102
534,238,102
535,238,102
536,239,102
537,240,102
538,241,102
539,242,102
540,243,102
541,243,102
542,243,103
543,243,103
544,243,103
545,244,103
546,245,103
547,246,103
548,246,103
549,246,103
550,246,103
551,246,103
552,247,103
553,248,103
554,249,103
555,249,103
556,249,103
557,250,103
558,250,103
559,250,103
560,251,103
561,251,103
562,252,103
563,252,103
564,252,103
565,252,103
566,252,103
567,253,103
568,254,103
569,255,103
570,255,103
571,257,103
572,258,103
573,258,103
574,258,103
575,258,103
576,259,103
577,259,103
578,260,103
579,260,103
580,260,103
581,261,103
582,261,103
583,261,103
584,261,103
585,262,103
586,262,103
587,263,103
588,263,103
589,264,103
590,264,103
591,264,103
592,265,103
593,265,103
594,265,103
595,265,103
596,266,103
597,266,103
598,267,103
599,267,103
600,268,103
601,268,103
602,269,103
603,269,103
604,270,103
605,270,103
606,271,103
607,271,103
608,271,103
609,271,103
610,272,103
611,273,103
612,273,103
613,273,103
614,273,103
615,274,103
616,274,103
617,274,103
618,274,103
619,274,103
620,274,104
621,275,104
622,275,104
623,276,104
624,276,104
625,276,104
626,276,104
627,277,104
628,278,104
629,278,105
630,278,105
631,278,105
632,279,105
633,279,105
634,280,105
635,281,105
636,282,105
637,282,105
638,282,105
639,282,105
640,282,105
641,283,105
642,284,105
643,284,105
644,284,105
645,285,105
646,286,105
647,286,105
648,286,106
649,287,106
650,288,106
651,288,106
652,289,106
653,289,106
654,289,106
655,289,106
656,289,106
657,289,106
658,289,106
659,289,106
660,290,106
661,290,106
662,291,106
663,291,106
664,292,106
665,293,106
666,293,106
667,293,107
668,294,107
669,296,107
670,296,107
671,296,107
672,297,107
673,297,107
674,297,107
675,297,107
676,298,107
677,298,107
678,298,107
679,298,107
680,298,107
681,298,107
682,298,107
683,298,107
684,299,107
685,300,107
686,300,107
687,300,107
688,300,107
689,300,107
690,301,107
691,301,107
692,301,107
693,301,107
694,302,107
695,302,107
696,302,107
697,302,107
698,302,107
699,302,107
700,302,107
701,303,107
702,304,107
703,304,107
704,305,107
705,305,107
706,306,107
707,306,107
708,307,107
709,308,107
710,308,107
711,309,107
712,310,107
713,310,107
714,310,107
715,311,107
716,312,107
717,312,107
718,312,107
719,313,107
720,313,107
721,313,107
722,313,107
723,314,107
724,314,107
725,314,107
726,314,108
727,314,108
728,315,108
729,315,108
730,315,108
731,315,108
732,316,108
733,316,108
734,317,108
735,318,108
736,319,108
737,319,108
738,320,108
739,321,108
740,322,108
741,323,108
742,324,108
743,324,109
744,324,109
745,325,109
746,326,109
747,327,109
748,327,109
749,327,109
750,327,109
751,328,109
752,328,109
753,328,109
754,328,109
755,328,109
756,329,109
757,329,109
758,329,109
759,329,109
760,329,109
761,329,109
762,329,109
763,330,109
764,330,109
765,331,109
766,331,109
767,331,109
768,331,109
769,331,109
770,332,109
771,332,109
772,332,109
773,332,109
774,332,109
775,332,109
776,332,109
777,332,109
778,332,109
779,332,109
780,332,109
781,332,109
782,332,109
783,332,109
784,333,109
785,334,109
786,334,109
787,335,109
788,336,109
789,336,109
790,337,109
791,337,109
792,337,109
793,337,109
794,337,109
795,337,109
796,338,109
797,339,109
798,339,109
799,340,109
800,340,109
801,340,109
802,340,109
803,340,109
804,341,109
805,341,109
806,341,109
807,342,109
808,343,109
809,344,109
810,344,109
811,344,109
812,345,109
813,346,109
814,347,109
815,348,109
816,349,109
817,349,109
818,349,109
819,349,109
820,349,109
821,349,109
822,350,109
823,351,109
824,351,109
825,351,109
826,351,109
827,351,109
828,351,109
829,351,109
830,351,109
831,351,109
832,351,109
833,351,109
834,351,109
835,351,109
836,351,109
837,352,109
838,352,109
839,352,109
840,353,109
841,354,109
842,355,109
843,355,109
844,356,109
845,357,109
846,357,109
847,357,109
848,358,109
849,359,109
850,359,109
851,360,109
852,361,109
853,361,109
854,362,109
855,362,109
856,363,109
857,364,109
858,365,109
859,365,109
860,365,109
861,365,109
862,366,109
863,366,109
864,366,109
865,366,109
866,367,109
867,368,109
868,368,109
869,368,109
870,369,109
871,370,109
872,370,109
873,370,109
874,371,109
875,371,109
876,372,109
877,372,109
878,372,109
879,373,109
880,373,109
881,373,109
882,373,109
883,374,109
884,374,110
885,375,110
886,375,110
887,375,110
888,375,110
889,376,110
890,376,110
891,376,110
892,376,110
893,376,110
894,377,110
895,378,110
896,378,110
897,379,110
898,379,110
899,380,110
900,380,110
901,380,110
902,381,110
903,382,110
904,383,110
905,384,110
906,385,110
907,385,110
908,385,110
909,385,110
910,385,110
911,385,110
912,385,110
913,385,110
914,385,110
915,385,110
916,385,110
917,385,110
918,386,110
919,387,110
920,387,110
921,387,110
922,387,110
923,388,110
924,388,110
925,389,110
926,389,110
927,389,110
928,389,110
929,389,110
930,389,110
931,389,110
932,389,110
933,389,110
934,389,110
935,389,110
936,390,110
937,390,110
938,391,110
939,392,110
940,392,110
941,392,110
942,392,110
943,393,110
944,394,110
945,394,110
946,395,110
947,395,110
948,395,110
949,395,110
950,395,110
951,395,110
952,396,110
953,397,110
954,397,110
955,397,110
956,397,110
957,398,110
958,398,110
959,398,110
960,398,110
961,399,110
962,399,110
963,399,110
964,400,110
965,400,110
966,400,110
967,400,110
968,400,110
969,400,110
970,400,110
971,400,110
972,400,110
973,400,110
974,400,110
975,401,110
976,401,110
977,402,110
978,402,110
979,402,110
980,402,110
981,402,110
982,402,110
983,402,110
984,402,110
985,402,110
986,402,110
987,402,110
988,403,110
989,403,110
990,403,110
991,403,110
992,403,110
993,404,110
994,404,110
995,404,110
996,405,110
997,405,110
998,405,110
999,405,110
1000,406,110
1001,406,110
1002,406,110
1003,406,110
1004,406,110
1005,407,110
1006,407,110
1007,407,110
1008,407,110
1009,408,110
1010,408,110
1011,408,110
1012,409,110
1013,409,110
1014,409,110
1015,409,110
1016,409,110
1017,410,110
1018,410,110
1019,411,110
1020,411,110
1021,411,110
1022,411,110
1023,411,110
1024,411,110
1025,411,110
1026,411,110
1027,411,110
1028,411,110
1029,412,110
1030,412,110
1031,412,110
1032,412,110
1033,412,110
1034,413,110
1035,413,110
1036,413,110
1037,413,110
1038,413,110
1039,413,110
1040,413,110
1041,413,110
1042,413,110
1043,413,110
1044,413,110
1045,413,110
1046,413,110
1047,414,110
1048,415,110
1049,415,110
1050,415,110
1051,415,110
1052,415,110
1053,415,110
1054,415,110
1055,416,110
1056,416,110
1057,416,110
1058,416,110
1059,416,110
1060,416,110
1061,416,110
1062,416,110
1063,417,110
1064,417,110
1065,418,110
1066,418,110
1067,418,110
1068,419,110
1069,419,110
1070,419,110
1071,419,110
1072,419,110
1073,419,111
1074,419,111
1075,419,111
1076,419,111
1077,420,111
1078,420,111
1079,420,111
1080,420,111
1081,420,111
1082,421,111
1083,421,111
1084,421,111
1085,422,111
1086,423,111
1087,423,111
1088,424,111
1089,424,112
1090,424,112
1091,425,112
1092,425,112
1093,425,112
1094,425,112
1095,425,112
1096,425,112
1097,425,112
1098,425,112
1099,425,112
1100,425,112
1101,426,112
1102,426,112
1103,426,112
1104,427,112
1105,427,112
1106,427,112
1107,427,112
1108,427,112
1109,427,112
1110,427,112
1111,427,112
1112,428,112
1113,429,112
1114,429,112
1115,429,112
1116,429,112
1117,429,112
1118,429,112
1119,430,112
1120,431,112
1121,431,112
1122,431,112
1123,431,112
1124,431,112
1125,431,112
1126,431,112
1127,431,112
1128,432,112
1129,433,112
1130,433,112
1131,434,112
1132,434,112
1133,434,113
1134,434,113
1135,434,113
1136,434,113
1137,434,113
1138,434,113
1139,434,113
1140,435,113
1141,436,113
1142,436,113
1143,436,113
1144,437,113
1145,437,113
1146,437,113
1147,437,113
1148,438,113
1149,439,113
1150,439,113
1151,439,113
1152,439,113
1153,439,113
1154,439,113
1155,440,113
1156,441,113
1157,442,113
1158,442,113
1159,442,113
1160,442,113
1161,443,113
1162,443,113
1163,443,113
1164,443,113
1165,444,113
1166,444,113
1167,444,113
1168,445,113
1169,445,113
1170,446,113
1171,446,113
1172,446,114
1173,446,114
1174,446,114
1175,446,114
1176,446,114
1177,446,114
1178,446,114
1179,446,114
1180,446,114
1181,446,114
1182,446,114
1183,446,114
1184,446,114
1185,446,114
1186,446,114
1187,446,114
1188,446,114
1189,446,114
1190,446,114
1191,447,114
1192,447,114
1193,447,114
1194,447,114
1195,448,114
1196,449,114
1197,449,114
1198,449,114
1199,450,114
1200,450,114
1201,451,114
1202,451,114
1203,452,114
1204,452,114
1205,452,114
1206,452,115
1207,453,115
1208,454,115
1209,454,115
1210,455,115
1211,455,115
1212,455,115
1213,456,115
1214,456,115
1215,456,115
1216,456,115
1217,456,115
1218,456,115
1219,456,115
1220,456,115
1221,456,115
1222,456,115
1223,456,115
1224,456,115
1225,457,115
1226,458,115
1227,458,115
1228,459,115
1229,460,115
1230,460,115
1231,460,115
1232,460,115
1233,460,115
1234,460,115
1235,460,115
1236,460,115
1237,460,115
1238,460,115
1239,460,115
1240,460,115
1241,461,115
1242,462,115
1243,462,115
1244,462,115
1245,462,115
1246,462,115
1247,462,115
1248,463,115
1249,463,115
1250,463,115
1251,463,115
1252,463,115
1253,463,115
1254,463,115
1255,463,115
1256,464,115
1257,464,115
1258,464,115
1259,464,115
1260,464,115
1261,464,115
1262,464,115
1263,464,115
1264,464,115
1265,464,115
1266,464,115
1267,464,115
1268,464,115
1269,464,115
1270,464,115
1271,464,115
1272,464,115
1273,464,115
1274,464,115
1275,464,115
1276,464,115
1277,464,115
1278,464,115
1279,464,115
1280,464,115
1281,465,115
1282,465,115
1283,465,115
1284,466,115
1285,467,115
1286,468,115
1287,469,115
1288,469,115
1289,469,115
1290,469,115
1291,469,115
1292,469,115
1293,469,115
1294,469,115
1295,469,115
1296,469,115
1297,469,115
1298,469,115
1299,469,115
1300,469,115
1301,469,115
1302,469,115
1303,469,115
1304,469,115
1305,469,115
1306,469,115
1307,469,115
1308,469,115
1309,470,115
1310,470,115
1311,470,115
1312,470,115
1313,470,115
1314,470,115
1315,470,115
1316,471,115
1317,471,115
1318,471,115
1319,471,115
1320,471,116
1321,471,116
1322,471,116
1323,472,116
1324,473,116
1325,473,116
1326,473,117
1327,473,117
1328,473,117
1329,474,117
1330,474,117
1331,474,117
1332,475,117
1333,475,117
1334,475,117
1335,476,117
1336,476,117
1337,476,117
1338,476,117
1339,476,117
1340,476,117
1341,477,117
1342,477,117
1343,477,117
1344,477,117
1345,478,117
1346,478,117
1347,478,117
1348,478,117
1349,478,117
1350,478,117
1351,478,117
1352,478,117
1353,479,117
1354,479,117
1355,479,117
1356,479,117
1357,479,117
1358,479,117
1359,479,117
1360,479,117
1361,479,117
1362,479,117
1363,479,117
1364,479,117
1365,479,117
1366,480,117
1367,480,117
1368,481,117
1369,481,117
1370,481,117
1371,481,117
1372,482,117
1373,482,117
1374,482,117
1375,482,117
1376,482,117
1377,482,117
1378,482,117
1379,482,117
1380,482,117
1381,482,117
1382,482,117
1383,483,117
1384,483,117
1385,483,117
1386,484,117
1387,484,117
1388,484,117
1389,484,117
1390,484,117
1391,484,117
1392,485,117
1393,485,117
1394,485,117
1395,485,117
1396,485,117
1397,485,117
1398,485,117
1399,485,117
1400,485,117
1401,485,117
1402,486,117
1403,486,117
1404,486,117
1405,486,117
1406,486,117
1407,486,117
1408,486,117
1409,487,117
1410,488,117
1411,488,117
1412,488,117
1413,489,117
1414,489,117
1415,489,117
1416,490,117
1417,490,117
1418,491,117
1419,491,117
1420,491,117
1421,491,117
1422,491,117
1423,491,117
1424,491,117
1425,491,117
1426,492,117
1427,492,117
1428,492,117
1429,492,117
1430,492,117
1431,492,117
1432,492,117
1433,492,117
1434,493,117
1435,494,117
1436,494,117
1437,495,117
1438,495,117
1439,496,117
1440,496,117
1441,497,117
1442,497,117
1443,498,117
1444,498,117
1445,498,117
1446,498,117
1447,498,117
1448,498,117
1449,498,117
1450,498,117
1451,498,117
1452,498,117
1453,499,117
1454,499,117
1455,499,117
1456,499,117
1457,500,117
1458,501,117
1459,501,117
1460,501,117
1461,501,117
1462,501,117
1463,502,117
1464,502,117
1465,503,117
1466,503,117
1467,503,117
1468,504,117
1469,504,117
1470,505,117
1471,505,117
1472,505,117
1473,506,117
1474,506,117
1475,506,117
1476,506,117
1477,506,117
1478,507,117
1479,507,117
1480,508,117
1481,508,117
1482,508,117
1483,508,117
1484,508,117
1485,508,117
1486,508,117
1487,508,117
1488,508,117
1489,509,117
1490,509,117
1491,509,117
1492,510,117
1493,510,117
1494,510,117
1495,511,117
1496,511,117
1497,511,117
1498,511,117
1499,511,119
1500,511,119
1501,511,119
1502,511,119
1503,511,119
1504,511,119
1505,511,119
1506,511,119
1507,511,119
1508,512,119
1509,512,119
1510,512,119
1511,512,119
1512,512,119
1513,513,119
1514,513,119
1515,513,119
1516,513,119
1517,514,119
1518,515,119
1519,515,119
1520,515,119
1521,515,119
1522,515,119
1523,515,119
1524,515,119
1525,516,119
1526,516,119
1527,517,119
1528,517,119
1529,517,119
1530,517,119
1531,517,119
1532,517,119
1533,518,119
1534,518,119
1535,519,119
1536,519,119
1537,519,119
1538,519,119
1539,519,119
1540,519,119
1541,519,119
1542,519,119
1543,519,119
1544,519,119
1545,519,119
1546,519,119
1547,519,119
1548,519,119
1549,520,119
1550,520,119
1551,520,119
1552,521,119
1553,521,119
1554,521,119
1555,521,119
1556,521,119
1557,521,119
1558,521,119
1559,521,119
1560,521,119
1561,521,119
1562,521,119
1563,521,119
1564,521,119
1565,521,119
1566,521,119
1567,521,119
1568,521,119
1569,521,119
1570,521,119
1571,521,119
1572,521,119
1573,522,119
1574,522,119
1575,523,119
1576,524,119
1577,525,119
1578,525,119
1579,526,119
1580,526,119
1581,526,119
1582,526,119
1583,527,119
1584,527,119
1585,527,119
1586,527,119
1587,527,119
1588,527,119
1589,528,119
1590,529,119
1591,530,119
1592,530,119
1593,530,119
1594,530,119
1595,530,119
1596,530,119
1597,530,119
1598,530,119
1599,530,119
1600,531,119
1601,531,119
1602,532,119
1603,532,119
1604,532,119
1605,532,119
1606,532,119
1607,532,119
1608,532,119
1609,532,119
1610,533,119
1611,533,119
1612,533,119
1613,533,119
1614,533,119
1615,533,119
1616,534,119
1617,534,119
1618,535,119
1619,535,119
1620,535,119
1621,536,119
1622,536,119
1623,536,119
1624,537,119
1625,537,119
1626,537,119
1627,537,119
1628,537,119
1629,537,119
1630,537,119
1631,537,119
1632,537,119
1633,537,119
1634,537,119
1635,537,119
1636,538,119
1637,538,119
1638,539,119
1639,539,119
1640,540,119
1641,540,119
1642,540,119
1643,540,119
1644,540,119
1645,540,119
1646,541,119
1647,541,119
1648,541,119
1649,541,119
1650,541,119
1651,541,119
1652,541,119
1653,541,119
1654,541,119
1655,541,119
1656,541,119
1657,542,119
1658,542,119
1659,542,119
1660,543,119
1661,543,119
1662,543,119
1663,543,119
1664,543,119
1665,544,119
1666,544,119
1667,545,119
1668,545,119
1669,545,119
1670,545,119
1671,545,119
1672,545,119
1673,545,119
1674,545,119
1675,545,119
1676,545,119
1677,546,119
1678,546,119
1679,546,119
1680,546,119
1681,546,119
1682,546,119
1683,546,119
1684,547,119
1685,547,119
1686,547,119
1687,548,119
1688,548,119
1689,548,119
1690,548,119
1691,548,119
1692,548,119
1693,548,119
1694,548,119
1695,548,119
1696,549,119
1697,549,119
1698,550,119
1699,550,119
1700,550,119
1701,550,119
1702,550,119
1703,550,119
1704,551,119
1705,552,119
1706,552,119
1707,552,119
1708,552,119
1709,552,119
1710,553,119
1711,553,119
1712,554,119
1713,554,119
1714,554,119
1715,554,119
1716,554,119
1717,554,119
1718,554,119
1719,554,119
1720,554,119
1721,554,119
1722,554,119
1723,555,119
1724,555,119
1725,555,119
1726,555,119
1727,555,119
1728,555,119
1729,555,119
1730,555,119
1731,555,119
1732,555,119
1733,556,119
1734,556,119
1735,556,119
1736,556,119
1737,556,119
1738,556,119
1739,556,119
1740,557,119
1741,557,119
1742,558,119
1743,558,119
1744,558,119
1745,558,119
1746,558,119
1747,558,119
1748,558,119
1749,558,119
1750,558,119
1751,558,119
1752,558,119
1753,558,119
1754,558,119
1755,558,119
1756,559,119
1757,559,119
1758,559,119
1759,559,119
1760,559,119
1761,559,119
1762,559,119
1763,559,119
1764,560,119
1765,560,119
1766,560,119
1767,560,119
1768,560,119
1769,561,119
1770,561,119
1771,561,119
1772,561,119
1773,561,119
1774,561,119
1775,562,119
1776,562,119
1777,562,119
1778,562,119
1779,562,119
1780,562,119
1781,562,119
1782,562,119
1783,562,119
1784,562,119
1785,562,119
1786,562,119
1787,562,119
1788,562,119
1789,562,119
1790,562,119
1791,562,119
1792,562,119
1793,562,119
1794,562,119
1795,562,119
1796,562,119
1797,562,119
1798,562,119
1799,562,119
1800,562,119
1801,562,119
1802,562,119
1803,563,119
1804,563,119
1805,563,119
1806,563,119
1807,563,119
1808,563,119
1809,563,119
1810,563,119
1811,563,119
1812,563,119
1813,563,119
1814,563,119
1815,563,119
1816,563,119
1817,563,119
1818,563,119
1819,564,119
1820,564,119
1821,564,119
1822,564,119
1823,564,119
1824,564,119
1825,565,119
1826,565,119
1827,565,119
1828,565,119
1829,566,119
1830,566,119
1831,566,119
1832,566,119
1833,566,119
1834,567,119
1835,567,119
1836,568,119
1837,568,119
1838,569,119
1839,569,119
1840,569,119
1841,569,119
1842,569,119
1843,569,119
1844,569,119
1845,569,119
1846,569,119
1847,570,119
1848,570,119
1849,570,119
1850,570,119
1851,570,119
1852,570,119
1853,570,119
1854,570,119
1855,570,119
1856,570,119
1857,570,119
1858,570,119
1859,570,119
1860,571,119
1861,571,119
1862,571,119
1863,572,119
1864,572,119
1865,572,119
1866,572,119
1867,572,119
1868,572,119
1869,572,119
1870,573,119
1871,573,119
1872,573,119
1873,573,119
1874,573,119
1875,574,119
1876,574,119
1877,575,119
1878,575,119
1879,575,119
1880,576,119
1881,576,119
1882,576,119
1883,576,119
1884,576,119
1885,577,119
1886,577,119
1887,577,119
1888,577,119
1889,577,119
1890,577,119
1891,577,119
1892,578,119
1893,578,119
1894,578,119
1895,578,119
1896,578,119
1897,578,119
1898,578,119
1899,578,119
1900,578,119
1901,578,119
1902,579,119
1903,579,119
1904,579,119
1905,580,119
1906,580,119
1907,580,119
1908,580,119
1909,580,119
1910,581,119
1911,581,119
1912,582,119
1913,582,119
1914,582,119
1915,582,119
1916,582,119
1917,583,119
1918,583,119
1919,583,119
1920,583,119
1921,583,119
1922,584,119
1923,584,119
1924,585,119
1925,585,119
1926,585,119
1927,585,119
1928,585,119
1929,585,119
1930,586,119
1931,586,119
1932,586,119
1933,586,119
1934,586,119
1935,586,119
1936,587,119
1937,587,119
1938,587,119
1939,587,119
1940,587,119
1941,587,119
1942,587,119
1943,587,119
1944,587,119
1945,587,119
1946,587,119
1947,588,119
1948,588,119
1949,588,119
1950,588,119
1951,588,119
1952,589,119
1953,589,119
1954,589,119
1955,589,119
1956,589,119
1957,589,119
1958,589,119
1959,589,119
1960,589,119
1961,589,119
1962,589,119
1963,589,119
1964,589,119
1965,589,119
1966,589,119
1967,589,119
1968,589,119
1969,589,119
1970,589,119
1971,589,119
1972,590,119
1973,590,119
1974,590,119
1975,590,119
1976,590,119
1977,591,119
1978,591,119
1979,591,119
1980,591,119
1981,591,119
1982,591,119
1983,591,119
1984,591,119
1985,591,119
1986,591,119
1987,591,119
1988,591,119
1989,591,119
1990,592,119
1991,593,119
1992,593,119
1993,593,119
1994,594,119
1995,594,119
1996,594,119
1997,595,119
1998,595,119
1999,595,119
2000,595,119
2001,595,119
2002,595,119
2003,595,119
2004,595,119
2005,595,119
2006,595,119
2007,595,119
2008,595,119
2009,595,119
2010,595,119
2011,595,119
2012,595,119
2013,595,119
2014,595,119
2015,595,119
2016,595,119
2017,595,119
2018,595,119
2019,595,119
2020,595,119
2021,596,119
2022,596,119
2023,596,119
2024,596,119
2025,596,119
2026,597,119
2027,597,119
2028,597,119
2029,597,119
2030,597,119
2031,597,119
2032,597,119
2033,597,119
2034,597,119
2035,597,119
2036,597,119
2037,597,119
2038,597,119
2039,598,119
2040,598,119
2041,598,119
2042,598,119
2043,598,119
2044,598,119
2045,598,119
2046,598,119
2047,598,119
2048,599,119
2049,599,119
2050,599,119
2051,599,119
2052,599,119
2053,599,119
2054,599,119
2055,599,119
2056,599,119
2057,599,119
2058,599,119
2059,599,119
2060,599,119
2061,599,119
2062,599,119
2063,599,119
2064,599,119
2065,599,119
2066,599,119
2067,599,119
2068,599,119
2069,599,119
2070,599,119
2071,599,119
2072,599,119
2073,599,119
2074,599,119
2075,599,119
2076,599,119
2077,599,119
2078,599,119
2079,599,119
2080,599,119
2081,599,119
2082,599,119
2083,599,119
2084,599,119
2085,599,119
2086,599,119
2087,599,119
2088,599,119
2089,599,119
2090,599,119
2091,600,119
2092,600,119
2093,600,119
2094,600,119
2095,600,119
2096,600,119
2097,600,119
2098,600,119
2099,600,119
2100,600,119
2101,600,119
2102,600,119
2103,600,119
2104,600,119
2105,600,119
2106,600,119
2107,600,119
2108,600,119
2109,600,119
2110,600,119
2111,601,119
2112,601,119
2113,601,119
2114,602,119
2115,602,119
2116,602,119
2117,602,119
2118,602,119
2119,602,119
2120,602,119
2121,602,119
2122,602,119
2123,603,119
2124,603,119
2125,603,119
2126,603,119
2127,603,119
2128,603,119
2129,603,119
2130,603,119
2131,603,119
2132,603,119
2133,603,119
2134,603,119
2135,603,119
2136,603,119
2137,603,119
2138,604,119
2139,604,119
2140,605,119
2141,605,119
2142,605,119
2143,605,119
2144,605,119
2145,605,119
2146,605,119
2147,605,119
2148,605,119
2149,605,119
2150,605,119
2151,605,119
2152,605,119
2153,605,119
2154,605,119
2155,605,119
2156,606,119
2157,606,119
2158,606,119
2159,606,119
2160,606,119
2161,606,119
2162,606,119
2163,606,119
2164,606,119
2165,607,119
2166,607,119
2167,607,119
2168,607,119
2169,607,119
2170,607,119
2171,607,119
2172,607,119
2173,607,119
2174,607,119
2175,607,119
2176,607,119
2177,607,119
2178,607,119
2179,607,119
2180,607,119
2181,607,119
2182,607,119
2183,608,119
2184,608,119
2185,608,119
2186,608,119
2187,608,119
2188,608,119
2189,608,119
2190,608,119
2191,608,119
2192,608,119
2193,608,119
2194,608,119
2195,608,119
2196,608,119
2197,608,119
2198,609,119
2199,609,119
2200,609,119
2201,609,119
2202,609,119
2203,609,119
2204,609,119
2205,610,119
2206,610,119
2207,610,119
2208,610,119
2209,610,119
2210,610,119
2211,611,119
2212,611,119
2213,611,119
2214,611,119
2215,611,119
2216,611,119
2217,611,119
2218,611,119
2219,611,119
2220,611,119
2221,611,119
2222,611,119
2223,611,119
2224,611,119
2225,611,119
2226,611,119
2227,611,119
2228,611,119
2229,611,119
2230,611,119
2231,611,119
2232,611,119
2233,611,119
2234,611,119
2235,611,119
2236,611,119
2237,611,119
2238,611,119
2239,611,119
2240,611,119
2241,611,119
2242,611,119
2243,611,119
2244,612,119
2245,612,119
2246,612,119
2247,613,119
2248,613,119
2249,613,119
2250,613,119
2251,613,119
2252,613,119
2253,613,119
2254,613,119
2255,613,119
2256,613,119
2257,614,119
2258,614,119
2259,614,119
2260,614,119
2261,614,119
2262,614,119
2263,614,119
2264,614,119
2265,614,119
2266,614,119
2267,614,119
2268,614,119
2269,614,119
2270,614,119
2271,614,119
2272,614,119
2273,614,119
2274,614,119
2275,614,119
2276,614,119
2277,615,119
2278,615,119
2279,615,119
2280,615,119
2281,615,119
2282,615,119
2283,615,119
2284,615,119
2285,615,119
2286,615,119
2287,615,119
2288,615,119
2289,616,119
2290,616,119
2291,616,119
2292,616,119
2293,616,119
2294,616,119
2295,616,119
2296,616,119
2297,616,119
2298,616,119
2299,616,119
2300,617,119
2301,618,119
2302,618,119
2303,618,119
2304,618,119
2305,618,119
2306,618,119
2307,618,119
2308,618,119
2309,618,119
2310,618,119
2311,618,119
2312,618,119
2313,618,119
2314,618,119
2315,618,119
2316,618,119
2317,618,119
2318,618,119
2319,618,119
2320,618,119
2321,618,119
2322,618,119
2323,618,119
2324,618,119
2325,618,119
2326,619,119
2327,619,119
2328,619,119
2329,619,119
2330,619,119
2331,619,119
2332,619,119
2333,619,119
2334,619,119
2335,619,119
2336,619,119
2337,619,119
2338,619,119
2339,619,119
2340,619,119
2341,619,119
2342,619,119
2343,619,119
2344,619,119
2345,619,119
2346,620,119
2347,620,119
2348,620,119
2349,621,119
2350,621,119
2351,621,119
2352,621,119
2353,621,119
2354,621,119
2355,621,119
2356,621,119
2357,621,119
2358,621,119
2359,621,119
2360,622,119
2361,622,119
2362,622,119
2363,622,119
2364,622,119
2365,622,119
2366,622,119
2367,622,119
2368,622,119
2369,622,119
2370,622,119
2371,622,119
2372,623,119
2373,623,119
2374,623,119
2375,623,119
2376,623,119
2377,624,119
2378,624,119
2379,624,119
2380,624,119
2381,624,119
2382,624,119
2383,624,119
2384,624,119
2385,624,119
2386,624,119
2387,624,119
2388,624,119
2389,625,119
2390,625,119
2391,625,119
2392,625,119
2393,625,120
2394,626,120
2395,626,120
2396,626,120
2397,626,120
2398,626,120
2399,626,120
2400,626,120
2401,626,120
2402,627,120
2403,627,120
2404,627,121
2405,627,121
2406,627,121
2407,627,121
2408,627,121
2409,627,121
2410,628,121
2411,628,121
2412,628,121
2413,628,121
2414,628,121
2415,628,121
2416,628,121
2417,628,121
2418,628,121
2419,628,121
2420,628,121
2421,628,121
2422,628,121
2423,628,121
2424,628,121
2425,628,121
2426,628,121
2427,629,121
2428,629,121
2429,629,121
2430,629,121
2431,629,121
2432,629,121
2433,629,121
2434,629,121
2435,629,121
2436,630,121
2437,630,121
2438,630,121
2439,630,121
2440,630,121
2441,630,121
2442,630,121
2443,630,121
2444,630,121
2445,630,121
2446,630,121
2447,630,121
2448,630,121
2449,630,121
2450,630,121
2451,630,121
2452,630,121
2453,630,121
2454,631,121
2455,631,121
2456,631,121
2457,631,121
2458,631,121
2459,631,121
2460,631,121
2461,631,121
2462,632,121
2463,632,121
2464,632,121
2465,632,121
2466,632,121
2467,632,121
2468,632,121
2469,632,121
2470,632,121
2471,632,121
2472,632,121
2473,632,121
2474,632,121
2475,632,121
2476,632,121
2477,632,121
2478,632,121
2479,632,121
2480,632,121
2481,632,121
2482,632,121
2483,632,121
2484,632,121
2485,632,121
2486,632,121
2487,633,121
2488,633,121
2489,633,121
2490,634,121
2491,634,121
2492,634,121
2493,634,121
2494,634,121
2495,634,121
2496,634,121
2497,634,121
2498,634,121
2499,635,121
2500,635,121
2501,635,121
2502,635,121
2503,635,121
2504,635,121
2505,635,121
2506,635,121
2507,635,121
2508,635,121
2509,635,121
2510,635,121
2511,635,121
2512,636,121
2513,636,121
2514,636,121
2515,637,121
2516,638,121
2517,639,121
2518,639,121
2519,639,121
2520,639,121
2521,639,121
2522,639,121
2523,639,121
2524,639,121
2525,640,121
2526,641,121
2527,641,121
2528,641,121
2529,641,121
2530,641,121
2531,641,121
2532,641,121
2533,641,121
2534,641,121
2535,641,121
2536,641,121
2537,641,121
2538,641,121
2539,641,121
2540,641,121
2541,641,121
2542,641,121
2543,641,121
2544,641,121
2545,641,121
2546,642,121
2547,642,121
2548,642,121
2549,642,121
2550,642,121
2551,642,121
2552,642,121
2553,642,121
2554,642,121
2555,642,121
2556,642,121
2557,642,121
2558,643,121
2559,643,121
2560,643,121
2561,643,121
2562,643,121
2563,644,121
2564,644,121
2565,644,121
2566,644,121
2567,644,121
2568,644,121
2569,644,121
2570,644,121
2571,644,121
2572,644,121
2573,644,121
2574,644,121
2575,644,121
2576,644,121
2577,644,121
2578,644,121
2579,644,121
2580,644,121
2581,644,121
2582,644,121
2583,644,121
2584,644,121
2585,644,121
2586,644,121
2587,644,121
2588,644,121
2589,644,121
2590,644,121
2591,644,121
2592,644,121
2593,644,121
2594,644,121
2595,644,121
2596,644,121
2597,644,121
2598,644,121
2599,644,121
2600,644,121
2601,644,121
2602,644,121
2603,644,121
2604,644,121
2605,644,121
2606,644,121
2607,645,121
2608,646,121
2609,647,121
2610,647,121
2611,647,121
2612,647,121
2613,647,121
2614,647,121
2615,647,121
2616,647,121
2617,647,121
2618,647,121
2619,647,121
2620,647,121
2621,647,121
2622,647,121
2623,647,121
2624,648,121
2625,648,121
2626,648,121
2627,648,121
2628,648,121
2629,648,121
2630,648,121
2631,648,121
2632,648,121
2633,648,121
2634,648,121
2635,648,121
2636,648,121
2637,649,121
2638,649,121
2639,649,121
2640,649,121
2641,649,121
2642,649,121
2643,649,121
2644,649,121
2645,649,121
2646,649,121
2647,649,121
2648,649,121
2649,649,121
2650,650,121
2651,651,121
2652,651,121
2653,651,121
2654,651,121
2655,651,121
2656,651,121
2657,651,121
2658,652,121
2659,652,121
2660,653,121
2661,653,121
2662,653,121
2663,653,121
2664,653,121
2665,653,121
2666,653,121
2667,653,121
2668,653,121
2669,653,121
2670,653,121
2671,653,121
2672,653,121
2673,653,121
2674,653,121
2675,653,121
2676,653,121
2677,653,121
2678,653,121
2679,653,121
2680,653,121
2681,654,121
2682,654,121
2683,654,121
2684,654,121
2685,654,121
2686,654,121
2687,654,121
2688,654,121
2689,654,121
2690,654,121
2691,654,121
2692,654,121
2693,654,121
2694,654,121
2695,654,121
2696,654,121
2697,654,121
2698,654,121
2699,654,121
2700,654,121
2701,654,121
2702,654,121
2703,654,121
2704,654,121
2705,654,121
2706,654,121
2707,654,121
2708,654,121
2709,654,121
2710,654,121
2711,654,121
2712,654,121
2713,655,121
2714,656,121
2715,656,121
2716,656,121
2717,656,121
2718,656,121
2719,656,121
2720,656,121
2721,656,121
2722,656,121
2723,656,121
2724,656,121
2725,656,121
2726,656,121
2727,656,121
2728,656,121
2729,656,121
2730,656,121
2731,656,121
2732,656,121
2733,656,121
2734,656,121
2735,656,121
2736,656,121
2737,656,121
2738,656,121
2739,656,121
2740,656,121
2741,656,121
2742,656,121
2743,656,121
2744,656,121
2745,656,121
2746,656,121
2747,656,121
2748,656,121
2749,656,121
2750,656,121
2751,656,121
2752,656,121
2753,656,121
2754,656,121
2755,656,121
2756,656,121
2757,656,121
2758,657,121
2759,657,121
2760,657,121
2761,658,121
2762,659,121
2763,659,121
2764,659,121
2765,659,121
2766,659,121
2767,659,121
2768,659,121
2769,659,121
2770,659,121
2771,659,121
2772,659,121
2773,659,121
2774,659,121
2775,659,121
2776,659,121
2777,659,121
2778,659,121
2779,659,121
2780,659,121
2781,659,121
2782,659,121
2783,659,121
2784,659,121
2785,659,121
2786,659,121
2787,659,121
2788,659,121
2789,659,121
2790,659,121
2791,659,121
2792,659,121
2793,659,121
2794,660,121
2795,660,121
2796,660,121
2797,660,121
2798,660,121
2799,660,121
2800,660,121
2801,660,121
2802,660,121
2803,660,121
2804,660,121
2805,660,121
2806,660,121
2807,660,121
2808,660,121
2809,660,121
2810,660,121
2811,660,121
2812,660,121
2813,660,121
2814,660,121
2815,660,121
2816,660,121
2817,660,121
2818,660,121
2819,660,121
2820,660,121
2821,660,121
2822,660,121
2823,660,121
2824,660,121
2825,660,121
2826,660,121
2827,661,121
2828,661,121
2829,661,121
2830,661,121
2831,661,121
2832,661,121
2833,661,121
2834,661,121
2835,661,121
2836,661,121
2837,662,121
2838,662,121
2839,662,121
2840,662,121
2841,662,121
2842,662,121
2843,662,121
2844,662,121
2845,662,121
2846,662,121
2847,662,121
2848,662,121
2849,662,121
2850,663,121
2851,663,121
2852,663,121
2853,663,121
2854,663,121
2855,663,121
2856,663,121
2857,663,121
2858,663,121
2859,663,121
2860,663,121
2861,663,121
2862,663,121
2863,663,121
2864,663,121
2865,663,121
2866,663,121
2867,663,121
2868,663,121
2869,663,121
2870,663,121
2871,663,121
2872,663,121
2873,663,121
2874,663,121
2875,663,121
2876,663,121
2877,663,121
2878,663,121
2879,663,121
2880,663,121
2881,663,121
2882,663,121
2883,663,121
2884,663,121
2885,663,121
2886,663,121
2887,663,121
2888,663,121
2889,663,121
2890,663,121
2891,664,121
2892,664,121
2893,664,121
2894,664,121
2895,664,121
2896,664,121
2897,664,121
2898,664,121
2899,664,121
2900,664,121
2901,664,121
2902,664,121
2903,664,121
2904,664,121
2905,664,121
2906,664,121
2907,664,121
2908,664,121
2909,664,121
2910,664,121
2911,664,121
2912,664,121
2913,664,121
2914,665,121
2915,665,121
2916,665,121
2917,666,121
2918,666,121
2919,666,121
2920,666,121
2921,666,121
2922,666,121
2923,666,121
2924,666,121
2925,666,121
2926,666,121
2927,667,121
2928,667,121
2929,667,121
2930,667,121
2931,667,121
2932,668,121
2933,669,121
2934,669,121
2935,669,121
2936,669,121
2937,669,121
2938,669,121
2939,670,121
2940,670,121
2941,670,121
2942,670,121
2943,670,121
2944,670,121
2945,670,121
2946,670,121
2947,670,121
2948,670,121
2949,670,121
2950,670,121
2951,670,121
2952,670,121
2953,670,121
2954,670,121
2955,670,121
2956,670,121
2957,670,121
2958,670,121
2959,670,121
2960,670,121
2961,670,121
2962,670,121
2963,671,121
2964,671,121
2965,671,121
2966,671,121
2967,671,121
2968,671,121
2969,671,121
2970,671,121
2971,671,121
2972,671,121
2973,671,121
2974,671,121
2975,671,121
2976,671,121
2977,671,121
2978,671,121
2979,671,121
2980,671,121
2981,671,121
2982,671,121
2983,671,121
2984,671,121
2985,671,121
2986,671,121
2987,671,121
2988,671,121
2989,671,121
2990,671,121
2991,672,121
2992,672,121
2993,672,121
2994,672,121
2995,672,121
2996,672,121
2997,672,121
2998,673,121
2999,673,121
3000,673,121
3001,673,121
3002,673,121
3003,673,121
3004,673,121
3005,673,121
3006,673,121
3007,673,121
3008,673,121
3009,673,121
3010,673,121
3011,673,121
3012,673,121
3013,673,121
3014,673,121
3015,673,121
3016,673,121
3017,673,121
3018,673,121
3019,673,121
3020,673,121
3021,673,121
3022,673,121
3023,673,121
3024,673,121
3025,673,121
3026,673,121
3027,673,121
3028,673,121
3029,673,121
3030,673,121
3031,673,121
3032,673,121
3033,673,121
3034,673,121
3035,673,121
3036,673,121
3037,673,121
3038,673,121
3039,673,121
3040,673,121
3041,673,121
3042,673,121
3043,673,121
3044,673,121
3045,673,121
3046,674,121
3047,674,121
3048,674,121
3049,674,121
3050,674,121
3051,674,121
3052,674,121
3053,674,121
3054,675,121
3055,675,121
3056,675,121
3057,675,121
3058,675,121
3059,675,121
3060,675,121
3061,675,121
3062,675,121
3063,675,121
3064,675,121
3065,676,121
3066,676,121
3067,676,121
3068,676,121
3069,676,121
3070,676,121
3071,676,121
3072,676,121
3073,676,121
3074,676,121
3075,676,121
3076,676,121
3077,676,121
3078,676,121
3079,676,121
3080,676,121
3081,676,121
3082,676,121
3083,676,121
3084,676,121
3085,676,121
3086,677,121
3087,677,121
3088,677,121
3089,677,121
3090,677,121
3091,677,121
3092,677,121
3093,677,121
3094,677,121
3095,677,121
3096,677,121
3097,677,121
3098,677,121
3099,677,121
3100,677,121
3101,678,121
3102,678,121
3103,678,121
3104,678,121
3105,678,121
3106,678,121
3107,678,121
3108,678,121
3109,678,121
3110,678,121
3111,678,121
3112,678,121
3113,679,121
3114,679,121
3115,679,121
3116,679,121
3117,679,121
3118,679,121
3119,679,121
3120,679,121
3121,679,121
3122,679,121
3123,679,121
3124,679,121
3125,679,121
3126,679,121
3127,679,121
3128,679,121
3129,679,121
3130,679,121
3131,679,121
3132,679,121
3133,679,121
3134,679,121
3135,680,121
3136,680,121
3137,680,121
3138,680,121
3139,680,121
3140,680,121
3141,680,121
3142,680,121
3143,680,121
3144,681,121
3145,681,121
3146,681,121
3147,681,121
3148,681,121
3149,681,121
3150,681,121
3151,681,121
3152,681,121
3153,681,121
3154,681,121
3155,681,121
3156,681,121
3157,681,121
3158,681,121
3159,681,121
3160,681,121
3161,681,121
3162,681,121
3163,681,121
3164,681,121
3165,681,121
3166,681,121
3167,681,121
3168,681,121
3169,681,121
3170,681,121
3171,681,121
3172,682,121
3173,683,121
3174,683,121
3175,683,121
3176,683,121
3177,683,121
3178,683,121
3179,683,121
3180,683,121
3181,683,121
3182,683,121
3183,683,121
3184,683,121
3185,683,121
3186,683,121
3187,684,121
3188,684,121
3189,684,121
3190,684,121
3191,684,121
3192,684,121
3193,684,121
3194,684,121
3195,684,121
3196,684,121
3197,684,121
3198,684,121
3199,684,121
3200,684,121
3201,684,121
3202,684,121
3203,684,121
3204,684,121
3205,684,121
3206,684,121
3207,684,121
3208,684,121
3209,684,121
3210,685,121
3211,685,121
3212,685,121
3213,685,121
3214,685,121
3215,685,121
3216,686,121
3217,686,121
3218,686,121
3219,686,121
3220,687,121
3221,687,121
3222,687,121
3223,687,121
3224,687,121
3225,687,121
3226,687,121
3227,687,121
3228,687,121
3229,687,121
3230,687,121
3231,687,121
3232,687,121
3233,687,121
3234,688,121
3235,688,121
3236,689,121
3237,690,121
3238,690,121
3239,690,121
3240,690,121
3241,690,121
3242,690,121
3243,690,121
3244,691,121
3245,691,121
3246,691,121
3247,691,121
3248,691,121
3249,691,121
3250,691,121
3251,691,121
3252,691,121
3253,691,121
3254,691,121
3255,691,121
3256,691,121
3257,691,121
3258,691,121
3259,691,121
3260,691,121
3261,691,121
3262,691,121
3263,691,121
3264,691,121
3265,691,121
3266,691,121
3267,691,121
3268,691,121
3269,691,121
3270,691,121
3271,692,121
3272,692,121
3273,692,121
3274,692,121
3275,692,121
3276,692,121
3277,692,121
3278,692,121
3279,692,121
3280,692,121
3281,692,121
3282,693,121
3283,694,121
3284,694,121
3285,694,121
3286,694,121
3287,694,121
3288,694,121
3289,695,121
3290,695,121
3291,695,121
3292,695,121
3293,695,121
3294,695,121
3295,695,121
3296,695,121
3297,695,121
3298,695,121
3299,695,121
3300,695,121
3301,695,121
3302,695,121
3303,695,121
3304,696,121
3305,696,121
3306,696,121
3307,696,121
3308,696,121
3309,696,121
3310,696,121
3311,696,121
3312,696,121
3313,696,121
3314,696,121
3315,696,121
3316,696,121
3317,696,121
3318,697,121
3319,697,121
3320,697,121
3321,697,121
3322,697,121
3323,697,121
3324,697,121
3325,697,121
3326,697,121
3327,697,121
3328,697,121
3329,697,121
3330,697,121
3331,697,121
3332,697,121
3333,697,121
3334,697,121
3335,697,121
3336,697,121
3337,697,121
3338,697,121
3339,698,121
3340,699,121
3341,699,121
3342,699,121
3343,699,121
3344,699,121
3345,699,121
3346,699,121
3347,699,121
3348,699,121
3349,699,121
3350,699,121
3351,699,121
3352,699,121
3353,699,121
3354,699,121
3355,699,121
3356,699,121
3357,699,121
3358,699,121
3359,699,121
3360,699,121
3361,699,121
3362,699,121
3363,699,121
3364,699,121
3365,699,121
3366,699,121
3367,699,121
3368,699,121
3369,699,121
3370,699,121
3371,699,121
3372,699,121
3373,699,121
3374,699,121
3375,699,121
3376,700,121
3377,700,121
3378,700,121
3379,700,121
3380,700,121
3381,700,121
3382,700,121
3383,700,121
3384,700,121
3385,700,121
3386,700,121
3387,700,121
3388,700,121
3389,700,121
3390,700,121
3391,700,121
3392,700,121
3393,700,121
3394,700,121
3395,700,121
3396,700,121
3397,701,121
3398,701,121
3399,701,121
3400,701,121
3401,701,121
3402,701,121
3403,701,121
3404,701,121
3405,701,121
3406,701,121
3407,701,121
3408,701,121
3409,701,121
3410,701,121
3411,701,121
3412,701,121
3413,701,121
3414,701,121
3415,701,121
3416,701,121
3417,701,121
3418,701,121
3419,701,121
3420,702,121
3421,702,121
3422,702,121
3423,702,121
3424,702,121
3425,702,121
3426,702,121
3427,702,121
3428,702,121
3429,702,121
3430,702,121
3431,702,121
3432,702,121
3433,702,121
3434,702,121
3435,703,121
3436,703,121
3437,703,121
3438,703,121
3439,703,121
3440,703,121
3441,703,121
3442,703,121
3443,703,121
3444,704,121
3445,704,121
3446,704,121
3447,704,121
3448,704,121
3449,704,121
3450,704,121
3451,704,121
3452,704,121
3453,704,121
3454,705,121
3455,705,121
3456,705,121
3457,705,121
3458,705,121
3459,705,121
3460,705,121
3461,705,121
3462,705,121
3463,705,121
3464,706,121
3465,706,121
3466,706,121
3467,706,121
3468,706,121
3469,707,121
3470,707,121
3471,707,121
3472,707,121
3473,707,121
3474,707,121
3475,707,121
3476,707,121
3477,708,121
3478,708,121
3479,708,121
3480,708,121
3481,708,121
3482,708,121
3483,708,121
3484,709,121
3485,709,121
3486,709,121
3487,709,121
3488,709,121
3489,709,121
3490,709,121
3491,709,121
3492,709,121
3493,709,121
3494,709,121
3495,709,121
3496,709,121
3497,709,121
3498,709,121
3499,709,121
3500,710,121
3501,710,121
3502,710,121
3503,710,121
3504,710,121
3505,710,121
3506,710,121
3507,710,121
3508,710,121
3509,710,121
3510,710,121
3511,710,121
3512,710,121
3513,710,121
3514,710,121
3515,710,121
3516,710,121
3517,710,121
3518,710,121
3519,710,121
3520,710,121
3521,711,121
3522,711,121
3523,711,121
3524,712,121
3525,712,121
3526,712,121
3527,712,121
3528,712,121
3529,713,121
3530,713,121
3531,713,121
3532,713,121
3533,713,121
3534,713,121
3535,713,121
3536,713,121
3537,713,121
3538,713,121
3539,713,121
3540,713,121
3541,713,121
3542,713,121
3543,713,121
3544,713,121
3545,713,121
3546,713,121
3547,713,121
3548,713,121
3549,713,121
3550,713,121
3551,713,121
3552,713,121
3553,713,121
3554,713,121
3555,714,121
3556,714,121
3557,714,121
3558,714,121
3559,714,121
3560,714,121
3561,714,121
3562,715,121
3563,715,121
3564,715,121
3565,715,121
3566,715,121
3567,715,121
3568,715,121
3569,715,121
3570,715,121
3571,715,121
3572,715,121
3573,715,121
3574,715,121
3575,715,121
3576,715,121
3577,715,121
3578,716,121
3579,716,121
3580,716,121
3581,717,121
3582,717,121
3583,717,121
3584,717,121
3585,717,121
3586,717,121
3587,717,121
3588,717,121
3589,717,121
3590,717,121
3591,717,121
3592,717,121
3593,717,121
3594,717,121
3595,717,121
3596,717,121
3597,717,121
3598,717,121
3599,717,121
3600,717,121
3601,717,121
3602,717,121
3603,717,121
3604,718,121
3605,718,121
3606,718,121
3607,718,121
3608,718,121
3609,718,121
3610,718,121
3611,718,121
3612,718,121
3613,718,121
3614,718,121
3615,718,121
3616,718,121
3617,718,121
3618,718,121
3619,718,121
3620,718,121
3621,718,121
3622,718,121
3623,718,121
3624,718,121
3625,718,121
3626,718,121
3627,718,121
3628,718,121
3629,718,121
3630,718,121
3631,718,121
3632,718,121
3633,718,121
3634,718,121
3635,718,121
3636,718,121
3637,718,121
3638,718,121
3639,718,121
3640,718,121
3641,718,121
3642,718,121
3643,718,121
3644,718,121
3645,718,121
3646,718,121
3647,718,121
3648,718,121
3649,718,121
3650,718,121
3651,718,121
3652,718,121
3653,718,121
3654,718,121
3655,718,121
3656,718,121
3657,718,121
3658,718,121
3659,718,121
3660,718,121
3661,718,121
3662,718,121
3663,718,121
3664,718,121
3665,718,121
3666,718,121
3667,718,121
3668,718,121
3669,718,121
3670,718,121
3671,718,121
3672,718,121
3673,719,121
3674,719,121
3675,719,121
3676,719,121
3677,719,121
3678,719,121
3679,720,121
3680,720,121
3681,720,121
3682,720,121
3683,720,121
3684,720,121
3685,720,121
3686,720,121
3687,720,121
3688,720,121
3689,720,121
3690,720,121
3691,720,121
3692,720,121
3693,720,121
3694,720,121
3695,720,121
3696,720,121
3697,720,121
3698,720,121
3699,720,121
3700,720,121
3701,720,121
3702,720,121
3703,720,121
3704,720,121
3705,720,121
3706,720,121
3707,720,121
3708,720,121
3709,720,121
3710,720,121
3711,720,121
3712,720,121
3713,720,121
3714,721,121
3715,721,121
3716,721,121
3717,721,121
3718,721,121
3719,721,121
3720,721,121
3721,721,121
3722,721,121
3723,721,121
3724,721,121
3725,721,121
3726,721,121
3727,721,121
3728,721,121
3729,721,121
3730,721,121
3731,721,121
3732,721,121
3733,721,121
3734,721,121
3735,721,121
3736,721,121
3737,721,121
3738,721,121
3739,721,121
3740,721,121
3741,721,121
3742,721,121
3743,721,121
3744,721,121
3745,721,121
3746,721,121
3747,721,121
3748,721,121
3749,721,121
3750,721,121
3751,721,121
3752,721,121
3753,721,121
3754,721,121
3755,721,121
3756,721,121
3757,721,121
3758,721,121
3759,721,121
3760,721,121
3761,721,121
3762,721,121
3763,721,121
3764,721,121
3765,721,121
3766,721,121
3767,721,121
3768,721,121
3769,721,121
3770,721,121
3771,721,121
3772,721,121
3773,721,121
3774,721,121
3775,721,121
3776,721,121
3777,721,121
3778,722,121
3779,722,121
3780,722,121
3781,722,121
3782,723,121
3783,723,121
3784,723,121
3785,723,121
3786,723,121
3787,724,121
3788,724,121
3789,724,121
3790,724,121
3791,724,121
3792,724,121
3793,724,121
3794,724,121
3795,724,121
3796,725,121
3797,725,121
3798,725,121
3799,725,121
3800,725,121
3801,725,121
3802,725,121
3803,725,121
3804,725,121
3805,725,121
3806,725,121
3807,725,121
3808,725,121
3809,725,121
3810,725,121
3811,726,121
3812,726,121
3813,726,121
3814,726,121
3815,726,121
3816,726,121
3817,726,121
3818,726,121
3819,726,121
3820,726,121
3821,726,121
3822,726,121
3823,726,121
3824,726,121
3825,726,121
3826,726,121
3827,726,121
3828,727,121
3829,727,121
3830,727,121
3831,727,121
3832,727,121
3833,727,121
3834,727,121
3835,727,121
3836,727,121
3837,727,121
3838,727,121
3839,727,121
3840,727,121
3841,727,121
3842,727,121
3843,727,121
3844,727,121
3845,727,121
3846,727,121
3847,727,121
3848,727,121
3849,727,121
3850,727,121
3851,727,121
3852,727,121
3853,727,121
3854,727,121
3855,727,121
3856,727,121
3857,727,121
3858,727,121
3859,727,121
3860,727,121
3861,728,121
3862,728,121
3863,728,121
3864,728,121
3865,728,121
3866,728,121
3867,728,121
3868,728,121
3869,728,121
3870,728,121
3871,728,121
3872,728,121
3873,728,121
3874,728,121
3875,728,121
3876,728,121
3877,728,121
3878,728,121
3879,729,121
3880,729,121
3881,729,121
3882,729,121
3883,729,121
3884,729,121
3885,729,121
3886,729,121
3887,729,121
3888,729,121
3889,729,121
3890,729,122
3891,729,122
3892,729,122
3893,729,122
3894,729,122
3895,729,122
3896,729,122
3897,729,122
3898,730,122
3899,730,122
3900,730,122
3901,730,122
3902,730,122
3903,730,122
3904,730,122
3905,730,122
3906,730,122
3907,730,122
3908,730,122
3909,730,122
3910,730,122
3911,730,122
3912,730,122
3913,730,122
3914,730,122
3915,730,122
3916,730,122
3917,730,122
3918,730,122
3919,730,122
3920,730,122
3921,730,122
3922,730,122
3923,730,122
3924,730,122
3925,730,122
3926,730,122
3927,730,122
3928,730,122
3929,730,122
3930,730,122
3931,730,122
3932,730,122
3933,730,122
3934,730,122
3935,730,122
3936,730,122
3937,730,122
3938,730,122
3939,730,122
3940,730,122
3941,730,122
3942,730,122
3943,730,122
3944,730,122
3945,730,122
3946,730,122
3947,730,122
3948,730,122
3949,730,122
3950,730,122
3951,730,122
3952,730,122
3953,730,122
3954,730,122
3955,730,122
3956,730,122
3957,730,122
3958,730,122
3959,730,122
3960,730,122
3961,730,122
3962,730,122
3963,730,122
3964,730,122
3965,731,122
3966,731,122
3967,731,122
3968,731,122
3969,731,122
3970,731,122
3971,731,122
3972,731,122
3973,731,122
3974,731,122
3975,731,122
3976,731,122
3977,731,122
3978,731,122
3979,731,122
3980,731,122
3981,731,122
3982,731,122
3983,731,122
3984,731,122
3985,731,122
3986,731,122
3987,731,122
3988,731,122
3989,731,122
3990,731,122
3991,731,122
3992,731,122
3993,731,122
3994,731,122
3995,731,122
3996,731,122
3997,731,122
3998,731,122
3999,731,122
4000,731,122
4001,731,122
4002,731,122
4003,731,122
4004,731,122
4005,731,122
4006,731,122
4007,731,122
4008,731,122
4009,731,122
4010,731,122
4011,731,122
4012,731,122
4013,731,122
4014,731,122
4015,731,122
4016,731,122
4017,731,122
4018,731,122
4019,731,122
4020,731,122
4021,731,122
4022,731,122
4023,731,122
4024,731,122
4025,731,122
4026,731,122
4027,731,122
4028,731,122
4029,731,122
4030,731,122
4031,731,122
4032,731,122
4033,731,122
4034,731,122
4035,731,122
4036,731,122
4037,731,122
4038,731,122
4039,731,122
4040,731,122
4041,731,122
4042,731,122
4043,731,122
4044,731,122
4045,731,122
4046,731,122
4047,731,122
4048,731,122
4049,731,122
4050,731,122
4051,731,122
4052,732,122
4053,732,122
4054,732,122
4055,732,122
4056,732,122
4057,732,122
4058,732,122
4059,732,122
4060,732,122
4061,732,122
4062,732,122
4063,732,122
4064,732,122
4065,733,122
4066,733,122
4067,733,122
4068,733,122
4069,733,122
4070,733,122
4071,733,122
4072,733,122
4073,733,122
4074,733,122
4075,733,122
4076,733,122
4077,733,122
4078,733,122
4079,733,122
4080,733,122
4081,733,122
4082,733,122
4083,733,122
4084,733,122
4085,733,122
4086,733,122
4087,733,122
4088,733,122
4089,733,122
4090,733,122
4091,733,122
4092,733,122
4093,733,122
4094,733,122
4095,734,122
4096,734,122
4097,734,122
4098,734,122
4099,734,122
4100,734,122
4101,734,122
4102,734,122
4103,734,122
4104,734,122
4105,734,122
4106,734,122
4107,734,122
4108,734,122
4109,734,122
4110,734,122
4111,734,122
4112,734,122
4113,734,122
4114,734,122
4115,734,122
4116,734,122
4117,734,122
4118,734,122
4119,734,122
4120,734,122
4121,734,122
4122,734,122
4123,734,122
4124,734,122
4125,734,122
4126,734,122
4127,734,122
4128,734,122
4129,734,122
4130,734,122
4131,734,122
4132,734,122
4133,734,122
4134,734,122
4135,734,122
4136,734,122
4137,734,122
4138,734,122
4139,734,122
4140,734,122
4141,734,122
4142,734,122
4143,734,122
4144,734,122
4145,734,122
4146,734,122
4147,735,122
4148,735,122
4149,735,122
4150,735,122
4151,735,122
4152,735,122
4153,735,122
4154,735,122
4155,735,122
4156,735,122
4157,735,122
4158,735,122
4159,735,122
4160,735,122
4161,735,122
4162,735,122
4163,735,122
4164,735,122
4165,735,122
4166,735,122
4167,735,122
4168,735,122
4169,735,122
4170,735,122
4171,735,122
4172,735,122
4173,735,122
4174,735,122
4175,735,122
4176,735,122
4177,735,122
4178,735,122
4179,735,122
4180,735,122
4181,735,122
4182,735,122
4183,735,122
4184,735,122
4185,735,122
4186,735,122
4187,735,122
4188,735,122
4189,735,122
4190,736,122
4191,736,122
4192,736,122
4193,736,122
4194,737,122
4195,737,122
4196,737,122
4197,737,122
4198,737,122
4199,737,122
4200,737,122
4201,737,122
4202,737,122
4203,737,122
4204,737,122
4205,737,122
4206,737,122
4207,737,122
4208,737,122
4209,737,122
4210,738,122
4211,738,122
4212,738,122
4213,738,122
4214,738,122
4215,738,122
4216,738,122
4217,738,122
4218,738,122
4219,738,122
4220,738,122
4221,738,122
4222,738,122
4223,738,122
4224,738,122
4225,738,122
4226,738,122
4227,738,122
4228,738,122
4229,738,122
4230,738,122
4231,738,122
4232,738,122
4233,738,122
4234,738,122
4235,738,122
4236,738,122
4237,738,122
4238,738,122
4239,738,122
4240,738,122
4241,738,122
4242,738,122
4243,738,122
4244,738,122
4245,738,122
4246,738,122
4247,738,122
4248,738,122
4249,738,122
4250,738,122
4251,738,122
4252,738,122
4253,738,122
4254,739,122
4255,739,122
4256,739,122
4257,739,122
4258,739,122
4259,739,122
4260,739,122
4261,739,122
4262,739,122
4263,739,122
4264,739,122
4265,739,122
4266,739,122
4267,739,122
4268,739,122
4269,739,122
4270,739,122
4271,739,122
4272,739,122
4273,739,122
4274,739,122
4275,739,122
4276,739,122
4277,740,122
4278,740,122
4279,740,122
4280,740,122
4281,740,122
4282,740,122
4283,740,122
4284,740,122
4285,740,122
4286,740,122
4287,740,122
4288,740,122
4289,740,122
4290,740,122
4291,740,122
4292,740,122
4293,740,122
4294,740,122
4295,740,122
4296,740,122
4297,740,122
4298,740,122
4299,740,122
4300,740,122
4301,740,122
4302,740,122
4303,740,122
4304,740,122
4305,740,122
4306,740,122
4307,740,122
4308,740,122
4309,740,122
4310,740,122
4311,740,122
4312,740,122
4313,740,122
4314,740,122
4315,740,122
4316,740,122
4317,740,122
4318,740,122
4319,740,122
4320,740,122
4321,740,122
4322,740,122
4323,740,122
4324,740,122
4325,740,122
4326,740,122
4327,740,122
4328,740,122
4329,740,122
4330,740,122
4331,740,122
4332,740,122
4333,740,122
4334,740,122
4335,740,122
4336,740,122
4337,740,122
4338,740,122
4339,740,122
4340,740,122
4341,740,122
4342,740,122
4343,740,122
4344,740,122
4345,740,122
4346,741,122
4347,741,122
4348,741,122
4349,741,122
4350,741,122
4351,741,122
4352,741,122
4353,741,122
4354,741,122
4355,741,122
4356,741,122
4357,741,122
4358,741,122
4359,741,122
4360,741,122
4361,741,122
4362,741,122
4363,741,122
4364,741,122
4365,741,122
4366,741,122
4367,741,122
4368,741,122
4369,741,122
4370,741,122
4371,741,122
4372,741,122
4373,741,122
4374,741,122
4375,741,122
4376,741,122
4377,741,122
4378,741,122
4379,742,122
4380,742,122
4381,742,122
4382,742,122
4383,742,122
4384,742,122
4385,742,122
4386,742,122
4387,742,122
4388,742,122
4389,742,122
4390,742,122
4391,742,122
4392,742,122
4393,742,122
4394,742,122
4395,742,122
4396,742,122
4397,742,122
4398,742,122
4399,742,122
4400,742,122
4401,742,122
4402,742,122
4403,742,122
4404,742,122
4405,742,122
4406,742,122
4407,742,122
4408,742,122
4409,742,122
4410,742,122
4411,742,122
4412,742,122
4413,742,122
4414,742,122
4415,742,122
4416,743,122
4417,743,122
4418,743,122
4419,743,122
4420,743,122
4421,743,122
4422,743,122
4423,743,122
4424,743,122
4425,743,122
4426,743,122
4427,743,122
4428,743,122
4429,743,122
4430,743,122
4431,743,122
4432,743,122
4433,743,122
4434,743,122
4435,743,122
4436,743,122
4437,743,122
4438,743,122
4439,743,122
4440,743,122
4441,743,122
4442,743,122
4443,743,122
4444,743,122
4445,743,122
4446,743,122
4447,743,122
4448,743,122
4449,743,122
4450,743,122
4451,743,122
4452,743,122
4453,743,122
4454,743,122
4455,743,122
4456,743,122
4457,743,122
4458,743,122
4459,743,122
4460,743,122
4461,743,122
4462,743,122
4463,743,122
4464,743,122
4465,743,122
4466,743,122
4467,743,122
4468,743,122
4469,743,122
4470,743,122
4471,743,122
4472,744,122
4473,744,122
4474,744,122
4475,744,122
4476,744,122
4477,744,122
4478,744,122
4479,744,122
4480,744,122
4481,744,122
4482,744,122
4483,744,122
4484,745,122
4485,745,122
4486,745,122
4487,745,122
4488,745,122
4489,745,122
4490,746,122
4491,746,122
4492,746,122
4493,746,122
4494,746,122
4495,747,122
4496,747,122
4497,747,122
4498,747,122
4499,747,122
4500,747,122
4501,747,122
4502,747,122
4503,747,122
4504,747,122
4505,747,122
4506,747,122
4507,747,122
4508,747,122
4509,747,122
4510,747,122
4511,748,122
4512,748,122
4513,748,122
4514,748,122
4515,748,122
4516,748,122
4517,748,122
4518,748,122
4519,748,122
4520,748,122
4521,748,122
4522,748,122
4523,748,122
4524,748,122
4525,748,122
4526,748,122
4527,748,122
4528,748,122
4529,748,122
4530,748,122
4531,748,122
4532,748,122
4533,748,122
4534,748,122
4535,748,122
4536,748,122
4537,748,122
4538,748,122
4539,748,122
4540,748,122
4541,748,122
4542,748,122
4543,748,122
4544,748,122
4545,748,122
4546,748,122
4547,748,122
4548,748,122
4549,748,122
4550,748,122
4551,748,122
4552,748,122
4553,748,122
4554,748,122
4555,748,122
4556,748,122
4557,748,122
4558,748,122
4559,748,122
4560,748,122
4561,748,122
4562,748,122
4563,748,122
4564,748,122
4565,748,122
4566,748,122
4567,748,122
4568,748,122
4569,748,122
4570,748,122
4571,748,122
4572,748,122
4573,748,122
4574,748,122
4575,748,122
4576,748,122
4577,748,122
4578,748,122
4579,748,122
4580,748,122
4581,748,122
4582,748,122
4583,748,122
4584,748,122
4585,748,122
4586,748,122
4587,748,122
4588,748,122
4589,748,122
4590,748,122
4591,748,122
4592,748,122
4593,748,122
4594,748,122
4595,749,122
4596,749,122
4597,749,122
4598,750,122
4599,750,122
4600,750,122
4601,750,122
4602,750,122
4603,750,122
4604,750,122
4605,750,122
4606,750,122
4607,750,122
4608,750,122
4609,750,122
4610,750,122
4611,750,122
4612,750,122
4613,750,122
4614,750,122
4615,750,122
4616,750,122
4617,750,122
4618,750,122
4619,750,122
4620,750,122
4621,750,122
4622,750,122
4623,751,122
4624,751,122
4625,751,122
4626,751,122
4627,751,122
4628,751,122
4629,751,122
4630,751,122
4631,751,122
4632,751,122
4633,751,122
4634,751,122
4635,751,122
4636,751,122
4637,751,122
4638,751,122
4639,751,122
4640,751,122
4641,751,122
4642,751,122
4643,751,122
4644,751,122
4645,751,122
4646,751,122
4647,751,122
4648,751,122
4649,751,122
4650,751,122
4651,751,122
4652,751,122
4653,751,122
4654,751,122
4655,751,122
4656,751,122
4657,751,122
4658,751,122
4659,751,122
4660,751,122
4661,751,122
4662,751,122
4663,751,122
4664,751,122
4665,751,122
4666,751,122
4667,751,122
4668,751,122
4669,751,122
4670,751,122
4671,751,122
4672,751,122
4673,751,122
4674,751,122
4675,751,122
4676,751,122
4677,751,122
4678,751,122
4679,751,122
4680,751,122
4681,751,122
4682,751,122
4683,751,122
4684,751,122
4685,751,122
4686,751,122
4687,751,122
4688,752,122
4689,752,122
4690,752,122
4691,752,122
4692,752,122
4693,752,122
4694,752,122
4695,752,122
4696,752,122
4697,752,122
4698,753,122
4699,753,122
4700,753,122
4701,753,122
4702,753,122
4703,753,122
4704,753,122
4705,753,122
4706,753,122
4707,753,122
4708,753,122
4709,753,122
4710,753,122
4711,753,122
4712,753,122
4713,753,122
4714,753,122
4715,753,122
4716,753,122
4717,753,122
4718,753,122
4719,753,122
4720,753,122
4721,753,122
4722,753,122
4723,753,122
4724,753,122
4725,753,122
4726,753,122
4727,753,122
4728,753,122
4729,753,122
4730,753,122
4731,753,122
4732,753,122
4733,753,122
4734,753,122
4735,753,122
4736,753,122
4737,753,122
4738,753,122
4739,753,122
4740,753,122
4741,754,122
4742,754,122
4743,754,122
4744,754,122
4745,754,122
4746,754,122
4747,754,122
4748,754,122
4749,755,122
4750,755,122
4751,755,122
4752,755,122
4753,755,122
4754,755,122
4755,755,122
4756,755,122
4757,755,122
4758,755,122
4759,755,122
4760,755,122
4761,755,122
4762,755,122
4763,755,122
4764,755,122
4765,755,122
4766,755,122
4767,755,122
4768,755,122
4769,755,122
4770,755,122
4771,755,122
4772,755,122
4773,755,122
4774,755,122
4775,755,122
4776,755,122
4777,756,122
4778,756,122
4779,756,122
4780,756,122
4781,756,122
4782,756,122
4783,756,122
4784,756,122
4785,756,122
4786,756,122
4787,756,122
4788,756,122
4789,756,122
4790,756,122
4791,756,122
4792,757,122
4793,757,122
4794,757,122
4795,757,122
4796,757,122
4797,757,122
4798,757,122
4799,757,122
4800,757,122
4801,757,122
4802,757,122
4803,757,122
4804,757,122
4805,757,122
4806,757,122
4807,757,122
4808,758,122
4809,758,122
4810,758,122
4811,758,122
4812,758,122
4813,758,122
4814,758,122
4815,758,122
4816,758,122
4817,758,122
4818,758,122
4819,758,122
4820,758,122
4821,758,122
4822,758,122
4823,758,122
4824,758,122
4825,758,122
4826,758,122
4827,758,122
4828,758,122
4829,758,122
4830,759,122
4831,759,122
4832,759,122
4833,759,122
4834,759,122
4835,759,122
4836,759,122
4837,759,122
4838,759,122
4839,759,122
4840,759,122
4841,759,122
4842,759,122
4843,759,122
4844,759,122
4845,759,122
4846,759,122
4847,759,122
4848,759,122
4849,759,122
4850,759,122
4851,759,122
4852,759,122
4853,759,122
4854,759,122
4855,759,122
4856,759,122
4857,759,122
4858,759,122
4859,759,122
4860,759,122
4861,759,122
4862,759,122
4863,759,122
4864,759,122
4865,759,122
4866,759,122
4867,759,122
4868,759,122
4869,759,122
4870,759,122
4871,759,122
4872,760,122
4873,760,122
4874,760,122
4875,760,122
4876,760,122
4877,760,122
4878,760,122
4879,760,122
4880,760,122
4881,760,122
4882,760,122
4883,761,122
4884,761,122
4885,761,122
4886,761,122
4887,761,122
4888,761,122
4889,761,122
4890,761,122
4891,761,122
4892,761,122
4893,761,122
4894,761,122
4895,761,122
4896,761,122
4897,761,122
4898,761,122
4899,761,122
4900,761,122
4901,761,122
4902,761,122
4903,761,122
4904,761,122
4905,761,122
4906,761,122
4907,761,122
4908,761,122
4909,761,122
4910,761,122
4911,762,122
4912,762,122
4913,763,122
4914,763,122
4915,763,122
4916,763,122
4917,763,122
4918,763,122
4919,763,122
4920,763,122
4921,763,122
4922,763,122
4923,763,122
4924,763,122
4925,763,122
4926,763,122
4927,763,122
4928,763,122
4929,763,122
4930,763,122
4931,763,122
4932,763,122
4933,763,122
4934,763,122
4935,763,122
4936,763,122
4937,763,122
4938,763,122
4939,763,122
4940,763,122
4941,763,122
4942,763,122
4943,763,122
4944,763,122
4945,763,122
4946,763,122
4947,763,122
4948,763,122
4949,763,122
4950,763,122
4951,763,122
4952,763,122
4953,763,122
4954,763,122
4955,763,122
4956,763,122
4957,763,122
4958,763,122
4959,763,122
4960,763,122
4961,763,122
4962,764,122
4963,764,122
4964,764,122
4965,764,122
4966,764,122
4967,764,122
4968,764,122
4969,764,122
4970,764,122
4971,764,122
4972,764,122
4973,764,122
4974,764,122
4975,764,122
4976,764,122
4977,764,122
4978,764,122
4979,764,122
4980,764,122
4981,764,122
4982,764,122
4983,764,122
4984,764,122
4985,764,122
4986,764,122
4987,764,122
4988,764,122
4989,764,122
4990,764,122
4991,764,122
4992,764,122
4993,764,122
4994,764,122
4995,764,122
4996,764,122
4997,764,122
4998,764,122
4999,764,122
5000,764,122
