Berlin,1,639340,121.4991741480241351
Köln,1,220329,117.4434363903400323
Hamburg,1,218564,105.9195164306705851
München,1,198911,108.2751279664960447
Leipzig,1,124118,128.9122380136039374
Dresden,1,121232,135.9667896678966790
Hannover,1,100271,114.0983330211650122
Nürnberg,1,98748,90.2265007719553174
Stuttgart,1,87723,124.4280958006658791
Bremen,1,85392,92.6027083333333333
Frankfurt am Main,1,83723,136.9538180553139676
Düsseldorf,1,79853,110.7353030764544624
Braunschweig,1,66259,103.6432829888712242
Bonn,1,60649,113.3418817379941196
Lübeck,1,60036,164.4974733295901179
Münster (Westfalen),1,51712,113.1995637949836423
Aachen,1,51604,74.8849863962404155
Mainz,1,50182,143.8565377532228361
Mainz,5,50182,143.8565377532228361
Magdeburg,1,44389,82.8254247217340363
Augsburg,1,40927,76.0426212040490144
Essen,1,40924,122.1026916698558490
Heilbronn,1,39707,103.0384884534639608
Karlsruhe,1,39090,123.2902675014228799
Heidelberg,1,36902,138.2876198416006669
Kassel,1,36303,96.6433002481389578
Dortmund,1,36220,108.6452920582273816
Kiel,1,35539,80.4039874081846800
Mannheim,1,35345,136.0153911928174434
Erfurt,1,31012,130.3490701001430615
Rostock,1,30719,83.5300546448087432
Koblenz,1,30583,102.6705399863294600
Koblenz,5,30583,102.6705399863294600
Potsdam,1,29440,358.4538916003082456
Halle (Saale),1,29079,78.3113402061855670
Jena,1,28824,75.6954703832752613
Darmstadt,1,28656,159.0375541646605681
Trier,1,27314,84.6487804878048780
Trier,5,27314,84.6487804878048780
Göttingen,1,27235,110.4174876847290640
Regensburg,1,27161,68.4492753623188406
Mönchengladbach,1,27144,96.8926130816791409
Radebeul,2,26412,217.5117056856187291
Freiburg im Breisgau,1,25959,108.3708530805687204
Quedlinburg,2,25726,32.2519893899204244
Wuppertal,1,25441,70.9963203463203463
Duisburg,1,25056,152.9273890142964635
Stralsund,1,23689,48.9680232558139535
Chemnitz,1,23673,97.7063197026022305
Weimar,3,22169,124.6311154598825832
Wiesbaden,1,22059,188.0404271548436308
Bochum,1,21694,100.6801831262262917
Tübingen,1,21401,196.1730474732006126
Würzburg,1,20799,73.1893095768374165
Bielefeld,1,20412,99.0333935018050542
Ulm,1,20181,93.5243243243243243
Marburg,1,20060,97.0126849894291755
Flensburg,1,20045,96.2289156626506024
Osnabrück,1,19277,85.3234421364985163
Saarbrücken,1,19149,87.7102941176470588
Bamberg,1,18073,66.6735751295336788
Schwerin,1,18027,58.6653696498054475
Hanau,1,17705,195.4469223907225691
Coburg,1,17173,55.6334661354581673
Greifswald,1,16749,75.1470588235294118
Hildesheim,1,16635,67.2639225181598063
Bayreuth,1,15892,75.4710743801652893
Speyer,3,15648,127.5965517241379310
Paderborn,1,15427,118.0257142857142857
Gießen,1,15401,130.9642004773269690
Gera,1,15186,49.9147869674185464
Görlitz,1,15015,71.1682692307692308
Düren,6,14659,50.5909631391200951
Konstanz,1,14474,91.1153846153846154
Gotha,3,14283,72.5513307984790875
Bremerhaven,2,14111,136.3788546255506608
Krefeld,1,13883,110.8508287292817680
Fulda,1,13880,87.6718750000000000
Minden,6,13675,91.6430205949656751
Lüneburg,1,13495,107.3521126760563380
Lutherstadt Wittenberg,3,13342,90.8928571428571429
Schleswig,2,13118,370.2250000000000000
Eisenach,3,13047,65.1595441595441595
Passau,1,12843,180.2810810810810811
Hamm,2,12750,73.9274193548387097
Siegen,1,12057,64.8089887640449438
Erlangen,1,11747,85.5187165775401070
Cottbus,1,11594,92.6160714285714286
Worms,3,11502,88.5352697095435685
Emden,3,10903,109.4487804878048780
Oberhausen,2,10739,138.4747191011235955
Bautzen,1,10363,100.2909090909090909
Aschaffenburg,1,10176,63.1038461538461538
Landshut,1,10030,56.9919354838709677
Kaiserslautern,1,9970,67.1904761904761905
Hof (Saale),1,9672,60.3544303797468354
Hagen,1,9566,66.7483221476510067
Ingolstadt,1,9563,149.7625899280575540
Meißen,2,9552,72.9631336405529954
Gelsenkirchen,2,9307,187.0637393767705382
Detmold,6,9229,107.5442622950819672
Baden-Baden,3,9096,75.7166666666666667
Altenburg,3,9084,53.9158878504672897
Plauen,1,9046,51.8872180451127820
Eichstätt,2,9016,60.4166666666666667
Freiberg,2,9003,80.7078651685393258
Celle,1,8998,48.0595238095238095
Fürth,1,8972,246.5912547528517110
Meiningen,2,8919,60.8439716312056738
Arnsberg,6,8822,47.8644067796610169
Solingen,2,8802,60.4475873544093178
Freising,3,8741,57.9503105590062112
Herford,6,8623,98.9098712446351931
Neuss,6,8506,209.9230769230769231
Ludwigsburg,2,8455,230.0000000000000000
Frankfurt (Oder),1,8085,57.7260273972602740
Berchtesgaden,2,7974,98.8106060606060606
Ansbach,1,7626,27.3043478260869565
Memmingen,1,7622,44.1250000000000000
Ludwigshafen am Rhein,1,7460,242.1504178272980501
Ludwigshafen am Rhein,5,7460,242.1504178272980501
Aurich,2,7295,220.8842105263157895
Bergisch Gladbach,6,7245,25.6155339805825243
Brilon,6,7237,26.6602870813397129
Iserlohn,6,7216,76.0918918918918919
Brandenburg an der Havel,1,7143,54.5000000000000000
Wilhelmshaven,1,7142,46.6491228070175439
Ravensburg,1,7030,117.8117647058823529
Soest,6,6928,30.3048780487804878
Remscheid,2,6833,52.3389355742296919
Herne,2,6799,151.7566666666666667
Bad Kissingen,2,6775,35.6911764705882353
Offenbach am Main,1,6676,304.1946308724832215
Witten,6,6661,45.5090497737556561
Garmisch-Partenkirchen,3,6649,52.1323529411764706
Pforzheim,1,6546,60.3116883116883117
Leverkusen,2,6486,139.0346820809248555
Mülheim an der Ruhr,2,6452,109.8252032520325203
Wetzlar,1,6439,138.8279569892473118
Kempten (Allgäu),1,6346,34.3333333333333333
Wolfsburg,1,6282,62.0180180180180180
Salzgitter,1,6261,96.6545454545454545
Goslar,2,6230,68.4382022471910112
Nordhausen,3,6135,62.6153846153846154
Rosenheim,1,6102,101.1428571428571429
Lüdenscheid,6,6095,38.5153846153846154
Schweinfurt,1,6053,68.0126582278481013
Gütersloh,6,6038,88.6029411764705882
Eschweiler,6,5986,58.3899371069182390
Amberg,1,5921,38.3921568627450980
Pirna,2,5842,134.4810126582278481
Stade,2,5824,64.4230769230769231
Straubing,1,5792,51.4411764705882353
Reutlingen,1,5761,85.6065573770491803
Neubrandenburg,1,5729,33.1525423728813559
Schwäbisch Hall,2,5710,52.4041095890410959
Jülich,6,5698,71.2098765432098765
Schwäbisch Gmünd,2,5681,51.5876288659793814
Lindau (Bodensee),2,5662,67.1230769230769231
Kleve,6,5597,79.1372549019607843
Halberstadt,3,5585,48.6060606060606061
Cheb,2,5583,30.1190476190476190
Leer (Ostfriesland),2,5535,91.4857142857142857
Zwickau,1,5491,70.7846153846153846
Recklinghausen,6,5414,114.0816326530612245
Merseburg,3,5374,102.7857142857142857
Wolfenbüttel,2,5306,68.5084745762711864
Sigmaringen,2,5170,107.2800000000000000
Cuxhaven,2,5147,438.9361702127659574
Norden (Ostfriesland),2,5139,66.2708333333333333
Neuwied,5,5097,92.6292134831460674
Friedrichshafen,1,5064,102.2363636363636364
Lörrach,1,5048,87.1792452830188679
Naumburg (Saale),3,5027,142.3207547169811321
Bad Kreuznach,2,4982,61.9230769230769231
Dachau,2,4908,173.5128205128205128
Wismar,2,4878,37.9245283018867925
Moers,6,4858,115.2000000000000000
Hameln,3,4834,62.5849056603773585
Esslingen am Neckar,2,4791,64.0205479452054795
Oberstdorf,2,4784,31.9069767441860465
Rudolstadt,3,4783,45.8800000000000000
Kaufbeuren,1,4775,35.8285714285714286
Hemer,6,4708,45.9905660377358491
Stendal,3,4603,39.1071428571428571
Ilmenau,2,4557,37.3428571428571429
Saarlouis,2,4471,95.9402985074626866
Unna,6,4433,43.3589743589743590
Limburg an der Lahn,3,4365,79.2708333333333333
Greiz,2,4325,35.5405405405405405
Viersen,6,4293,83.6764705882352941
Landau in der Pfalz,3,4280,65.6428571428571429
Landau in der Pfalz,5,4280,65.6428571428571429
Rendsburg,2,4262,52.9512195121951220
Aue (Sachsen),2,4237,116.6226415094339623
Lemgo,6,4227,103.2962962962962963
Heinsberg,6,4226,67.8985507246376812
Wesel,6,4223,155.9298245614035088
Freital,2,4195,72.6267605633802817
Euskirchen,6,4182,68.6406250000000000
Neustadt an der Weinstraße,5,4164,97.1967213114754098
Suhl,3,4118,24.8222222222222222
Sondershausen,2,4108,54.4838709677419355
Helmstedt,2,4072,63.8484848484848485
Gunzenhausen,2,4056,50.1369863013698630
Kulmbach,3,4023,41.7826086956521739
Eckernförde,2,3990,39.8205128205128205
Bad Homburg vor der Höhe,2,3967,90.4698795180722892
Neustrelitz,2,3904,36.0384615384615385
Bensheim,2,3887,48.5614035087719298
Pirmasens,2,3837,36.8518518518518519
Eberswalde,2,3834,35.5714285714285714
Zittau,2,3830,52.1428571428571429
Hattingen,6,3827,31.1395348837209302
Roth,2,3814,59.8947368421052632
Güstrow,2,3790,46.2916666666666667
Offenburg,1,3771,109.2592592592592593
Aalen,2,3748,105.7073170731707317
Arnstadt,2,3736,39.7333333333333333
Warburg,6,3722,44.3018867924528302
Göppingen,2,3701,62.5384615384615385
Friedberg (Hessen),3,3692,142.7291666666666667
Bingen am Rhein,2,3680,97.9027777777777778
Mühlhausen/Thüringen,3,3651,17.5277777777777778
Rottweil,2,3647,77.9285714285714286
Neumünster,1,3644,26.8372093023255814
Rastatt,2,3642,132.7272727272727273
Schmallenberg,6,3641,78.4838709677419355
Homburg,2,3640,67.1025641025641026
Homburg,3,3640,67.1025641025641026
Annaberg-Buchholz,2,3597,310.3939393939393939
Bad Honnef,6,3582,64.0076923076923077
Bottrop,2,3575,38.2745098039215686
Olpe,6,3567,34.7837837837837838
Frankenthal (Pfalz),2,3562,36.0689655172413793
Höxter,6,3543,109.8000000000000000
Cham (Oberpfalz),2,3520,95.2592592592592593
Sonneberg,2,3476,34.7407407407407407
Füssen,2,3469,71.4827586206896552
Radevormwald,6,3457,19.8947368421052632
Husum,2,3454,126.0000000000000000
Bruchsal,2,3440,61.2500000000000000
Gummersbach,6,3341,22.2558139534883721
Eilenburg,2,3319,58.7714285714285714
Grimma,2,3293,75.1333333333333333
Prenzlau,2,3282,95.0000000000000000
Apolda,2,3278,46.6000000000000000
Brühl (Rheinland),6,3261,44.5813953488372093
Zweibrücken,3,3260,60.4482758620689655
Meschede,6,3246,50.6097560975609756
Hilden,6,3194,28.9259259259259259
Weilburg,2,3171,69.4800000000000000
Parchim,2,3168,19.5714285714285714
Königswinter,6,3165,68.7351351351351351
Coesfeld,6,3161,90.0000000000000000
Lippstadt,6,3141,62.4444444444444444
Itzehoe,2,3124,60.1162790697674419
Neunkirchen (Saar),2,3115,31.8750000000000000
Siegburg,6,3113,128.3333333333333333
Northeim,2,3107,24.1818181818181818
Wernigerode,2,3091,18.3600000000000000
Stolberg (Rheinland),6,3086,43.1363636363636364
Weißenburg in Bayern,2,3081,28.6590909090909091
Salzwedel,2,3073,39.0000000000000000
Villingen-Schwenningen,1,3071,51.9411764705882353
Landsberg am Lech,2,3060,53.0000000000000000
Rheine,6,3060,35.3333333333333333
Delmenhorst,3,3058,24.5000000000000000
Bad Hersfeld,3,3044,189.5384615384615385
Boppard,2,3026,42.0000000000000000
Löbau,2,3005,37.6800000000000000
Velbert,6,3003,15.7200000000000000
Hürth,6,3002,98.8409090909090909
Uelzen,2,2987,139.4285714285714286
Peine,2,2977,100.4000000000000000
Werl,6,2975,20.1538461538461538
Deggendorf,1,2969,17.4705882352941176
Nördlingen,2,2969,38.6071428571428571
Neuruppin,2,2967,38.9411764705882353
Einbeck,2,2953,25.6774193548387097
Schmalkalden,2,2951,41.6875000000000000
Kronach,2,2950,50.0740740740740741
Lübbecke,6,2942,100.1190476190476190
Bocholt,6,2926,19.6562500000000000
Ludwigslust,2,2914,66.7272727272727273
Andernach,2,2911,84.9142857142857143
Büdingen,2,2902,59.8695652173913043
Oranienburg,2,2901,193.0000000000000000
Erkelenz,6,2889,29.4000000000000000
Weißenfels,2,2886,24.5789473684210526
Soltau,2,2860,62.5600000000000000
Dillenburg,2,2855,51.0000000000000000
Bergheim,6,2822,47.9444444444444444
Schneeberg (Erzgebirge),2,2822,45.4500000000000000
Riesa,2,2816,59.1818181818181818
Neumarkt in der Oberpfalz,1,2802,25.1764705882352941
Eutin,2,2799,27.8750000000000000
Tuttlingen,2,2795,117.1578947368421053
Nordhorn,3,2781,15.5000000000000000
Gifhorn,2,2754,33.7333333333333333
Teltow,2,2728,52.0000000000000000
Holzminden,2,2716,65.6875000000000000
Hoyerswerda,1,2697,36.3333333333333333
Calw,2,2689,169.9411764705882353
Bad Tölz,2,2661,50.9411764705882353
Anklam,2,2656,54.1666666666666667
Alzey,2,2650,46.8235294117647059
Böblingen,2,2646,80.9545454545454545
Fritzlar,2,2641,80.6956521739130435
Hildburghausen,2,2640,100.4705882352941176
Bad Reichenhall,2,2638,40.9523809523809524
Demmin,2,2624,68.1600000000000000
Neu-Ulm,1,2618,402.3250000000000000
St. Wendel,2,2595,19.4210526315789474
Torgau,2,2590,38.8125000000000000
Bad Dürkheim,2,2561,55.5945945945945946
Lohmar,6,2561,47.1500000000000000
Hechingen,2,2556,45.0000000000000000
Weinheim,2,2553,24.9523809523809524
Mayen,2,2546,46.2000000000000000
Grevenbroich,6,2542,43.2962962962962963
Ratingen,6,2542,38.9500000000000000
Dillingen an der Donau,2,2534,50.0800000000000000
Traunstein,1,2533,34.7500000000000000
Geldern,6,2532,14.2222222222222222
Delitzsch,2,2528,57.1578947368421053
Erding,2,2524,8.2631578947368421
Singen (Hohentwiel),2,2516,64.4444444444444444
Hann. Münden,2,2512,498.0000000000000000
Biedenkopf,2,2510,89.5384615384615385
Lich,2,2509,20.1666666666666667
Lichtenfels (Oberfranken),2,2502,38.8000000000000000
Biberach an der Riß,2,2476,134.5833333333333333
Heide (Holstein),2,2473,30.6875000000000000
Kitzingen,2,2468,21.8695652173913043
Meppen,2,2466,128.0476190476190476
Nienburg/Weser,2,2450,27.2857142857142857
Rinteln,2,2443,81.4090909090909091
Starnberg,2,2422,52.2941176470588235
Jever,2,2421,44.9090909090909091
Marl,6,2416,29.2500000000000000
Vechta,2,2416,27.7142857142857143
Jüterbog,2,2409,41.5789473684210526
Pinneberg,4,2397,22.4285714285714286
Günzburg,2,2396,84.2941176470588235
Menden (Sauerland),6,2393,32.8400000000000000
Germersheim,2,2392,111.3571428571428571
Mettmann,6,2388,104.5333333333333333
Borken,6,2384,177.0000000000000000
Aschersleben,2,2383,34.0769230769230769
Dorsten,6,2382,46.6666666666666667
Mosbach,2,2380,92.0000000000000000
Lingen (Ems),3,2378,59.9375000000000000
Lünen,6,2368,25.6153846153846154
Bückeburg,2,2366,40.5000000000000000
Wertheim,2,2366,229.7500000000000000
Tauberbischofsheim,2,2365,93.0000000000000000
Geilenkirchen,6,2364,56.2000000000000000
Altena,6,2362,46.2631578947368421
Herborn,2,2362,176.3333333333333333
Lübben (Spreewald),2,2357,175.6923076923076923
Großenhain,2,2353,23.7272727272727273
Forchheim,2,2348,51.4375000000000000
Schwandorf,2,2342,42.1176470588235294
Gelnhausen,2,2340,176.0000000000000000
Bitburg,5,2336,50.8823529411764706
Donauwörth,2,2333,91.4761904761904762
Steinfurt,6,2326,35.8750000000000000
Diepholz,2,2312,23.4285714285714286
Freudenstadt,2,2306,162.2222222222222222
Radeberg,2,2302,33.6538461538461538
Balingen,2,2299,135.9000000000000000
Nidda,2,2299,40.6363636363636364
Ibbenbüren,6,2289,33.9473684210526316
Rothenburg ob der Tauber,2,2264,24.7692307692307692
Wipperfürth,6,2243,20.2452830188679245
Bad Nauheim,3,2234,24.0370370370370370
Altenkirchen (Westerwald),2,2233,50.0625000000000000
Burghausen,2,2228,32.0000000000000000
Merzig,2,2219,24.8666666666666667
Butzbach,2,2213,33.1538461538461538
Neuburg an der Donau,2,2212,43.7407407407407407
Braunau am Inn,2,2209,81.1428571428571429
Montabaur,5,2189,190.7647058823529412
Kamenz,2,2182,22.7058823529411765
Fürstenfeldbruck,2,2162,40.6842105263157895
Kelheim,2,2155,23.0000000000000000
Bernau bei Berlin,2,2150,18.5000000000000000
Osterode am Harz,2,2148,19.5833333333333333
Heidenheim an der Brenz,2,2147,56.2916666666666667
Sinsheim,2,2141,35.7333333333333333
Spremberg,2,2138,13.3750000000000000
Erbach (Odenwald),2,2134,107.9473684210526316
Schwabach,3,2124,18.0000000000000000
Donaueschingen,2,2119,61.5000000000000000
Nürtingen,2,2111,50.3529411764705882
Dinkelsbühl,2,2110,19.7037037037037037
Melle,2,2110,19.9090909090909091
Guben,2,2106,49.9166666666666667
Langenfeld (Rheinland),6,2100,57.5333333333333333
Crailsheim,2,2089,44.0000000000000000
Winterberg,6,2082,15.2000000000000000
Beeskow,2,2069,69.0000000000000000
Weiden in der Oberpfalz,1,2066,13.7000000000000000
Schwerte,6,2065,13.4000000000000000
Prüm,2,2060,140.6000000000000000
Xanten,6,2060,60.0000000000000000
Döbeln,2,2059,71.8750000000000000
Dieburg,2,2056,60.8823529411764706
Gladbeck,6,2052,39.5714285714285714
Rottenburg am Neckar,2,2045,18.8000000000000000
Idar-Oberstein,5,2040,22.0000000000000000
Rathenow,2,2039,143.6000000000000000
Lüchow (Wendland),2,2038,125.8000000000000000
Bernburg (Saale),2,2021,33.5263157894736842
Warendorf,6,2018,170.6363636363636364
Borna,2,2004,233.1818181818181818
Elmshorn,2,1999,27.6000000000000000
Büren (Westfalen),6,1998,68.2222222222222222
Weingarten (Württemberg),1,1989,71.1000000000000000
Backnang,2,1988,35.4000000000000000
Idstein,2,1987,35.3888888888888889
Leonberg,2,1984,26.2380952380952381
Miltenberg,2,1983,46.9130434782608696
Altötting,2,1982,58.4705882352941176
Syke,2,1974,17.2857142857142857
Bad Oeynhausen,6,1963,30.4210526315789474
Aichach,2,1961,59.4375000000000000
Schwarzenberg/Erzgeb.,2,1959,41.7391304347826087
Heilbad Heiligenstadt,2,1957,22.0000000000000000
Marienberg,2,1955,27.1250000000000000
Emmerich am Rhein,6,1950,32.5833333333333333
Mindelheim,2,1948,23.8000000000000000
Oppenheim,5,1945,32.8333333333333333
Schwedt/Oder,2,1945,23.6250000000000000
Dinslaken,6,1942,37.0588235294117647
Friedberg (Bayern),2,1939,59.4545454545454545
Heppenheim (Bergstraße),2,1936,144.6363636363636364
Ahlen,6,1934,32.3636363636363636
St. Ingbert,2,1932,45.4000000000000000
Clausthal-Zellerfeld,2,1929,95.5652173913043478
Halle (Westf.),6,1926,69.9200000000000000
Sangerhausen,2,1920,20.0000000000000000
Ehingen (Donau),2,1917,38.0000000000000000
Marsberg,6,1915,56.4761904761904762
Neckarsulm,2,1912,34.4705882352941176
Bad Salzuflen,6,1904,60.9545454545454545
Staßfurt,2,1899,22.0000000000000000
Zeitz,2,1896,85.1666666666666667
Bietigheim-Bissingen,2,1895,52.6470588235294118
Sulzbach-Rosenberg,2,1889,30.0625000000000000
Eitorf,6,1886,18.4634146341463415
Kehl,2,1878,66.2222222222222222
Dessau-Roßlau,1,1875,236.0000000000000000
Burg (bei Magdeburg),2,1873,6.7777777777777778
Eschwege,2,1869,170.5454545454545455
Lahr/Schwarzwald,2,1865,11.3333333333333333
Bad Mergentheim,2,1862,18.9090909090909091
Sindelfingen,2,1861,18.8823529411764706
Korbach,2,1849,297.2500000000000000
Luckenwalde,2,1849,16.7500000000000000
Nauen,2,1845,11.0000000000000000
Schorndorf,2,1837,32.0833333333333333
Bad Laasphe,6,1832,33.0666666666666667
Fürstenwalde/Spree,2,1826,16.5000000000000000
Strausberg,2,1814,38.5000000000000000
Cloppenburg,2,1811,30.5000000000000000
Alsfeld,2,1809,25.4347826086956522
Bad Berleburg,6,1808,102.4000000000000000
Wolgast,2,1808,41.0454545454545455
Bad Wildungen,2,1806,25.0000000000000000
Köthen (Anhalt),2,1806,43.3750000000000000
Simmern/Hunsrück,5,1801,37.6666666666666667
Cochem,5,1799,23.7333333333333333
Königstein im Taunus,2,1793,35.4411764705882353
Monschau,6,1787,56.8000000000000000
Ebersberg,2,1785,133.1111111111111111
Regen (Stadt),2,1781,8.6666666666666667
Castrop-Rauxel,6,1779,58.6666666666666667
Bünde,6,1775,44.9047619047619048
Templin,2,1761,734.3333333333333333
Frankenberg (Eder),2,1758,59.0769230769230769
Bogen (Stadt),2,1757,73.7777777777777778
Kempen,6,1754,70.8571428571428571
Schongau,2,1747,40.4000000000000000
Schleiz,2,1740,37.0000000000000000
Rüsselsheim am Main,3,1735,719.7142857142857143
Herrenberg,2,1734,38.2222222222222222
Saarburg,2,1724,127.9230769230769231
Warstein,6,1720,20.7500000000000000
Springe,2,1699,17.5000000000000000
Verden (Aller),2,1699,37.1304347826086957
Lage (Lippe),6,1693,10.7000000000000000
Erftstadt,6,1687,98.2857142857142857
Korschenbroich,6,1682,10.5094339622641509
Attendorn,6,1677,37.3157894736842105
Kusel,5,1675,114.1250000000000000
Oschatz,2,1674,43.7142857142857143
Waldshut-Tiengen,2,1669,87.6666666666666667
Meerbusch,6,1667,51.7500000000000000
Mühldorf am Inn,2,1664,35.5000000000000000
Herten,6,1663,21.8333333333333333
Remagen,5,1663,70.7142857142857143
Bad Salzungen,2,1659,19.1176470588235294
Dülmen,6,1650,34.0000000000000000
Wittmund,2,1641,21.1666666666666667
Engelskirchen,6,1640,17.6086956521739130
Bühl (Baden),2,1638,11.2500000000000000
Buxtehude,2,1635,17.6000000000000000
Wittlich,2,1629,21.4000000000000000
Dippoldiswalde,2,1620,58.0000000000000000
Kamen,6,1619,10.5833333333333333
Duderstadt,2,1616,61.1818181818181818
Papenburg,2,1616,25.6666666666666667
Ahrensburg,4,1613,35.6250000000000000
Pfullendorf,2,1607,27.7142857142857143
Bremervörde,2,1606,37.4615384615384615
Königs Wusterhausen,2,1605,45.7857142857142857
Selb,2,1605,15.8000000000000000
Dillingen/Saar,2,1595,110.6666666666666667
Daun,2,1589,25.9230769230769231
Grünstadt,2,1589,74.1111111111111111
Petershagen,6,1587,62.8888888888888889
Rotenburg (Wümme),2,1586,37.0833333333333333
Haldensleben,2,1585,12.6086956521739130
Forst (Lausitz),2,1584,382.5000000000000000
Wurzen,2,1581,76.4000000000000000
Ettlingen,2,1578,18.1428571428571429
Hennef (Sieg),6,1578,27.9375000000000000
Frechen,6,1576,20.7500000000000000
Schwelm,6,1573,43.7777777777777778
Dormagen,6,1569,12.5000000000000000
Groß-Gerau,2,1566,85.9090909090909091
Schönebeck (Elbe),3,1563,36.1111111111111111
Bad Langensalza,2,1555,9.5000000000000000
Ingelheim am Rhein,2,1553,64.0588235294117647
Homberg (Efze),2,1547,254.0909090909090909
Rietberg,6,1546,54.9285714285714286
Troisdorf,6,1541,67.5555555555555556
Horn-Bad Meinberg,6,1539,521.0000000000000000
Miesbach,2,1536,9.5000000000000000
Birkenfeld (Nahe),5,1534,53.5000000000000000
Porta Westfalica (Stadt),6,1531,91.3846153846153846
Pasewalk,2,1528,13.7500000000000000
Lutherstadt Eisleben,2,1523,56.6875000000000000
Bad Segeberg,2,1522,42.3750000000000000
Hachenburg,5,1521,51.3636363636363636
Rheinberg,6,1519,35.6153846153846154
Lennestadt,6,1518,95.7142857142857143
Münchberg,2,1515,107.0000000000000000
Vlotho,6,1507,51.9523809523809524
Burgdorf (Region Hannover),2,1506,63.2500000000000000
Bretten,2,1505,23.3076923076923077
Waiblingen,2,1504,254.5714285714285714
Wadern,2,1503,94.0000000000000000
Diez,2,1499,88.6315789473684211
Lehrte,2,1498,67.0000000000000000
Tirschenreuth,2,1495,14.8333333333333333
Bad Doberan,2,1488,49.0000000000000000
Eberbach,2,1487,38.5000000000000000
Horb am Neckar,2,1486,24.5555555555555556
Usingen,2,1478,32.5000000000000000
Eisenberg (Thüringen),2,1477,15.3750000000000000
Goch,6,1467,11.1428571428571429
Bad Harzburg,2,1458,71.9000000000000000
Glauchau,2,1456,64.2000000000000000
Pegnitz (Stadt),2,1452,18.8571428571428571
Lauterbach (Hessen),2,1447,150.7692307692307692
Bad Pyrmont,2,1444,37.4000000000000000
Langenhagen,3,1443,10.4000000000000000
Weilheim in Oberbayern,2,1442,13.4000000000000000
Laubach,2,1441,25.1111111111111111
Haan,6,1440,21.0000000000000000
Uslar,2,1440,59.8333333333333333
Künzelsau,2,1436,107.0000000000000000
Alsdorf,6,1433,48.0000000000000000
Neustadt am Rübenberge,2,1433,65.2500000000000000
Schramberg,2,1428,36.6250000000000000
Hammelburg,2,1422,58.8000000000000000
Plettenberg,6,1418,24.6666666666666667
Mittweida,2,1416,105.8000000000000000
Rüdesheim am Rhein,2,1415,58.8500000000000000
Kirchheim unter Teck,2,1409,28.8333333333333333
Bad Windsheim,2,1408,29.6250000000000000
Ellwangen (Jagst),2,1396,41.4444444444444444
Grünberg (Hessen),2,1394,22.8750000000000000
Kerpen,6,1394,31.5000000000000000
Münsingen (Württemberg),2,1390,66.0000000000000000
Blieskastel,2,1385,27.1428571428571429
Bernkastel-Kues,5,1383,67.1000000000000000
Leutkirch im Allgäu,2,1383,32.4285714285714286
Schlüchtern,2,1378,54.3076923076923077
Schwetzingen,2,1378,37.5833333333333333
Schleiden,6,1377,107.0000000000000000
Tegernsee (Stadt),2,1365,70.6250000000000000
Bad Arolsen,2,1362,45.0000000000000000
Ennepetal,6,1361,12.3333333333333333
Sömmerda,2,1361,35.0000000000000000
Beckum,6,1357,95.8333333333333333
Bergkamen,6,1357,24.2500000000000000
Walsrode,2,1355,33.7142857142857143
Rheinfelden (Baden),2,1353,86.8484848484848485
Varel,2,1347,6.9230769230769231
Sprockhövel,6,1332,68.0555555555555556
Eisenhüttenstadt,2,1330,57.0000000000000000
Hennigsdorf,2,1327,118.3333333333333333
Sundern (Sauerland),6,1321,352.0000000000000000
Stadthagen,2,1320,49.4444444444444444
Kreuztal,6,1319,38.1818181818181818
Michelstadt,2,1317,45.7333333333333333
Coswig (Sachsen),2,1313,36.7500000000000000
Quakenbrück,2,1311,33.8000000000000000
Datteln,6,1309,14.1428571428571429
Ahaus,6,1307,110.0000000000000000
Blomberg,6,1304,94.5555555555555556
Bad Gandersheim,2,1301,101.0000000000000000
Alzenau,2,1291,81.4444444444444444
Grafenau (Niederbayern),2,1290,134.6666666666666667
Kevelaer,6,1285,86.0000000000000000
Völklingen,2,1283,63.2000000000000000
Bebra,2,1282,93.6000000000000000
Borken (Hessen),2,1277,24.8333333333333333
Herzogenrath,6,1274,86.0000000000000000
Oberursel (Taunus),2,1274,30.1250000000000000
Fellbach,2,1269,8.5555555555555556
Wangen im Allgäu,2,1268,9.6666666666666667
Murnau am Staffelsee,2,1267,52.0000000000000000
Sonthofen,2,1264,13.0000000000000000
Wegberg,6,1263,21.6923076923076923
Finsterwalde,2,1261,23.3333333333333333
Bad Waldsee,2,1257,11.1250000000000000
Langen (Hessen),2,1257,26.0000000000000000
Nagold (Stadt),2,1256,30.1111111111111111
Groß-Umstadt,2,1252,31.2500000000000000
Rheinbach,6,1242,38.6666666666666667
Gladenbach,2,1240,41.5000000000000000
Weil am Rhein,1,1240,28.2000000000000000
Haltern am See,6,1239,68.5454545454545455
Brake (Unterweser),2,1238,4.6666666666666667
Gronau (Westf.),6,1231,11.2500000000000000
Blaubeuren,2,1230,60.9090909090909091
Dingolfing,2,1227,65.3333333333333333
Bad Vilbel,2,1225,38.2222222222222222
Geseke,6,1222,12.6250000000000000
Meinerzhagen,6,1220,30.8571428571428571
Seligenstadt,2,1219,27.0000000000000000
Munster (Örtze),2,1218,33.6666666666666667
Albstadt,2,1215,24.3333333333333333
Markkleeberg,2,1212,44.1250000000000000
Bornheim (Rheinland),6,1209,35.5000000000000000
Norderstedt,4,1208,12.5000000000000000
Lohr am Main,2,1206,87.6428571428571429
Werne,6,1201,16.8333333333333333
Mechernich,6,1200,20.0000000000000000
Bad Säckingen,2,1198,40.1428571428571429
Bedburg,6,1198,64.9000000000000000
Mölln,2,1198,24.0000000000000000
Lorsch,2,1197,404.8000000000000000
Emmendingen,2,1196,629.7500000000000000
Lüdinghausen,6,1196,78.7777777777777778
Alfeld (Leine),2,1195,91.8571428571428571
Laupheim,2,1195,8.8888888888888889
Müllheim (Baden),2,1187,70.0000000000000000
Bad Aibling,2,1186,28.1428571428571429
Kronberg im Taunus,2,1186,22.5333333333333333
Krumbach (Schwaben),2,1185,44.8947368421052632
Hofgeismar,2,1182,60.4000000000000000
Neustadt an der Aisch,2,1179,63.5000000000000000
Vaihingen an der Enz,2,1177,35.5000000000000000
Linz am Rhein,2,1176,188.0000000000000000
Brakel,6,1172,32.0833333333333333
Hagenow,2,1169,37.5000000000000000
Wiesloch,2,1168,20.0000000000000000
Bad Ems,2,1167,236.6250000000000000
Schopfheim,2,1165,11.9000000000000000
Pulheim,6,1161,19.3333333333333333
Bad Saulgau,2,1159,10.7500000000000000
Buchen (Odenwald),2,1155,4.5000000000000000
Herdecke,6,1150,72.6000000000000000
Werdau,2,1145,110.5000000000000000
Eggenfelden,2,1144,31.4444444444444444
Riedlingen,2,1142,9.2500000000000000
Hersbruck,2,1138,31.0000000000000000
Hungen,2,1137,40.4000000000000000
Wunsiedel,3,1135,11.0909090909090909
Crimmitschau,2,1134,19.7500000000000000
Geisenheim,2,1133,39.1538461538461538
Löhne,6,1132,34.3333333333333333
Reichenbach im Vogtland,2,1127,69.0000000000000000
Bad Oldesloe,2,1123,46.0000000000000000
Gerolstein,2,1122,31.0000000000000000
Geislingen an der Steige,2,1117,42.5000000000000000
Ludwigsfelde,2,1115,65.5000000000000000
Lauf an der Pegnitz,2,1113,39.0000000000000000
Kirn,5,1112,73.1250000000000000
Konz,5,1101,2634.6666666666666667
Pfaffenhofen an der Ilm,2,1101,9.2000000000000000
Stollberg/Erzgeb.,2,1093,85.2500000000000000
Barsinghausen,2,1088,20.2500000000000000
Baunatal,2,1085,70.2500000000000000
Marktredwitz,3,1083,28.5555555555555556
Geesthacht,4,1081,23.8333333333333333
Hünfeld,2,1081,43.5714285714285714
Bad Driburg,6,1080,41.0666666666666667
Brunsbüttel,2,1076,12.6666666666666667
Schrobenhausen,2,1075,19.0000000000000000
Freyung,2,1074,55.7500000000000000
Osterholz-Scharmbeck,2,1064,27.1111111111111111
Kaarst,6,1063,17.0000000000000000
Leichlingen (Rheinland),6,1058,24.0625000000000000
Bad Lobenstein,2,1057,12.0000000000000000
Wedel,4,1047,24.6250000000000000
Kirchhain,2,1044,40.5000000000000000
Achim (Landkreis Verden),2,1041,57.4000000000000000
Abensberg,2,1030,120.9285714285714286
Dreieich,2,1030,174.0000000000000000
Schwalmstadt,2,1022,26.5000000000000000
Neustadt bei Coburg,2,1019,10.5000000000000000
Freilassing,2,1014,144.3333333333333333
Bad Neuenahr-Ahrweiler,5,1011,157.6666666666666667
Wolfratshausen,2,1008,27.2222222222222222
Sankt Augustin,6,991,37.5000000000000000
Melsungen,2,987,82.8571428571428571
Seesen,2,987,20.5714285714285714
Hofheim am Taunus,2,985,239.4000000000000000
Waren (Müritz),2,983,18.1666666666666667
Kyritz,2,979,13.3333333333333333
Gernsbach,2,978,12.5000000000000000
Schifferstadt,5,978,14.0000000000000000
Greven,6,973,64.3333333333333333
Bramsche,2,972,20.2500000000000000
Betzdorf,5,971,117.7142857142857143
Bad Zwischenahn,2,968,20.8000000000000000
Bergen auf Rügen,2,967,27.6250000000000000
Schmölln,2,964,10.0000000000000000
Adenau,5,961,41.7500000000000000
Monheim am Rhein,6,961,14.0000000000000000
Waldkirch,2,961,16.5000000000000000
Mühlacker,2,960,84.6666666666666667
Landstuhl,5,959,74.1666666666666667
Steinheim (Westfalen),6,956,43.5000000000000000
Bad Soden am Taunus,2,949,25.9000000000000000
Ribnitz-Damgarten,2,949,140.8000000000000000
Kirchheimbolanden,5,948,46.3333333333333333
Domažlice,2,947,21.0000000000000000
Dahn,2,943,37.4285714285714286
Wermelskirchen,6,943,11.1428571428571429
Moosburg an der Isar,2,942,33.7500000000000000
Neunkirchen (Siegerland),6,942,37.0000000000000000
Gevelsberg,6,939,23.5000000000000000
Breisach am Rhein,2,938,29.5555555555555556
Nordenham,2,931,10.0000000000000000
Achern,2,928,10.3333333333333333
Neu-Isenburg,2,927,31.5000000000000000
Friedrichsdorf,2,925,26.4285714285714286
Oelde,6,925,32.3333333333333333
Eltville am Rhein,2,923,25.7272727272727273
Selm,6,922,13.0000000000000000
Wasserburg am Inn,2,920,32.8333333333333333
Teterow,2,919,14.0000000000000000
Weißwasser/Oberlausitz,2,919,3.5000000000000000
Pfarrkirchen,2,917,2.5000000000000000
Zerbst/Anhalt,2,916,32.6666666666666667
Lauscha,2,912,20.6000000000000000
Lahnstein,5,904,79.2000000000000000
Bad Belzig,2,902,531.5000000000000000
Rheda-Wiedenbrück,6,894,16.1250000000000000
Delbrück,6,888,33.1666666666666667
Karlstadt,2,887,31.8000000000000000
Lebach,2,879,16.8333333333333333
Herzberg (Elster),2,878,455.5000000000000000
Laatzen,2,873,91.0000000000000000
Marktoberdorf,2,873,71.6000000000000000
Erkrath,6,870,34.3333333333333333
Grevesmühlen,2,870,17.5000000000000000
Wetter (Ruhr),6,869,15.9166666666666667
Titisee-Neustadt,2,865,600.0000000000000000
Auerbach/Vogtl.,2,863,11.3333333333333333
Ueckermünde,2,862,14.0000000000000000
Grimmen,2,861,33.3000000000000000
Rodgau,2,861,68.0000000000000000
Lohne (Oldenburg),2,856,38.0000000000000000
Sinzig,5,856,16.2500000000000000
Meisenheim,5,852,45.0000000000000000
Kornwestheim,2,842,110.6666666666666667
Lengerich (Westfalen),6,841,4.7500000000000000
Rotenburg an der Fulda,2,841,60.0000000000000000
Marktheidenfeld,2,840,120.0000000000000000
Eschborn,2,839,110.5000000000000000
Lampertheim,2,837,15.0000000000000000
Westerburg,5,837,72.1428571428571429
Pößneck,2,835,1.00000000000000000000
Bad Bergzabern,2,834,33.0000000000000000
Wesseling,6,831,8.6000000000000000
Lauterecken,5,830,250.2857142857142857
Hückelhoven,6,828,55.6666666666666667
Falkensee,2,827,2.5000000000000000
Waldsassen,2,817,189.8000000000000000
Bad Wildbad,2,814,9.1000000000000000
Annweiler am Trifels,5,813,55.4000000000000000
Edenkoben,5,811,63.5000000000000000
Radolfzell am Bodensee,2,810,11.3333333333333333
Vilsbiburg,2,809,14.0000000000000000
Battenberg (Eder),2,806,18.0000000000000000
Wunstorf,2,806,17.0000000000000000
Penzberg,2,802,6.0000000000000000
Ochsenfurt,2,800,43.7500000000000000
Traben-Trarbach,5,799,27.1250000000000000
Waldbröl,6,792,70.6666666666666667
Emsdetten,6,791,9.1666666666666667
Bad Freienwalde (Oder),2,788,24.8461538461538462
Georgsmarienhütte,2,788,21.0000000000000000
Bad Wörishofen,2,781,6.0000000000000000
Immenstadt im Allgäu,2,776,8.5000000000000000
Bad Schwalbach,2,775,119.0000000000000000
Schkeuditz,2,774,6.0000000000000000
Witzenhausen,2,773,84.8333333333333333
Wülfrath,6,771,36.0000000000000000
Sontra,2,762,5.5000000000000000
Garbsen,2,760,30.0000000000000000
Hohenstein-Ernstthal,2,756,32.5000000000000000
Grafing bei München,2,750,88.0000000000000000
Plattling,1,749,15.0000000000000000
Lübbenau/Spreewald,2,745,34.0000000000000000
Viechtach,2,733,67.5000000000000000
Oelsnitz/Vogtl.,2,723,9.0000000000000000
Wolfach,2,723,103.3750000000000000
Espelkamp,6,720,24.0000000000000000
Burglengenfeld,2,719,80.0000000000000000
Staufen im Breisgau,2,719,80.0000000000000000
Heiligenhaus,6,717,4.0000000000000000
Bendorf,5,716,4.0000000000000000
Besigheim,2,715,6.8000000000000000
Buchholz in der Nordheide,2,713,10.0000000000000000
Wildeshausen,2,710,5.6666666666666667
Simbach am Inn,2,706,44.0000000000000000
Hermeskeil,2,704,39.3333333333333333
Sulingen,2,703,17.0000000000000000
Stadtroda,2,702,15.5000000000000000
Würselen,6,699,15.5000000000000000
Beverungen,6,698,29.0000000000000000
Kastellaun,5,694,56.0000000000000000
Stadtallendorf,2,694,32.0000000000000000
Oschersleben (Bode),2,690,16.7000000000000000
Herzogenaurach,2,686,124.5000000000000000
Bad Blankenburg,3,684,32.8000000000000000
Öhringen,2,682,54.0909090909090909
Bad Brückenau,2,678,48.0000000000000000
Bad Orb,2,676,32.5714285714285714
Haßfurt,2,673,40.8000000000000000
Furth im Wald,2,668,12.3333333333333333
Eisenberg (Pfalz),5,665,35.0000000000000000
Gerolzhofen,2,663,49.8000000000000000
Trostberg,2,663,4.6666666666666667
Lauingen (Donau),2,662,13.1818181818181818
Metzingen,2,660,19.0000000000000000
Werdohl,6,660,71.1666666666666667
Viernheim,2,659,9.0000000000000000
Friesoythe,2,655,18.5000000000000000
Kandel (Pfalz),5,655,31.4000000000000000
Naila,2,655,70.3333333333333333
Dierdorf,5,654,18.7500000000000000
Gößnitz (Thüringen),2,652,45.7500000000000000
Illertissen,2,651,103.6666666666666667
Heusenstamm,2,648,18.2000000000000000
Wolfhagen,2,645,77.3333333333333333
Lößnitz (Erzgebirge),2,639,29.0000000000000000
Kirchen (Sieg),5,633,31.3333333333333333
Baumholder,5,625,52.0000000000000000
Vreden,6,622,64.0000000000000000
Bad Nenndorf,2,615,15.6666666666666667
Neuhaus am Rennweg,2,610,10.0000000000000000
Walldorf (Baden),2,609,4.0000000000000000
Waltrop,6,606,45.0000000000000000
Stadtlohn,6,600,15.0000000000000000
Vilshofen an der Donau,2,599,18.2857142857142857
Erkner,2,597,32.5000000000000000
Vallendar,5,597,23.5000000000000000
Sarstedt,2,596,8.5000000000000000
Limbach-Oberfrohna,2,595,13.0000000000000000
Winsen (Luhe),2,592,14.2500000000000000
Hochheim am Main,2,590,21.8000000000000000
Kirchberg (Hunsrück),5,585,40.3333333333333333
Bad Neustadt an der Saale,2,582,56.8333333333333333
Landau an der Isar,2,577,33.8000000000000000
Dietzenbach,2,573,7.5000000000000000
Hermsdorf (Thüringen),2,567,10.5000000000000000
Pocking,2,561,1.00000000000000000000
Überlingen,2,559,17.1666666666666667
Oer-Erkenschwick,6,558,53.0000000000000000
Bad Sobernheim,5,549,32.8000000000000000
Zwiesel,2,548,13.0000000000000000
Mainburg,2,545,55.0000000000000000
Rastede,2,544,1.00000000000000000000
Gmund am Tegernsee,2,541,12.0000000000000000
Maintal,2,536,106.0000000000000000
Haslach im Kinzigtal,2,535,16.3333333333333333
Ochtrup,6,535,32.0000000000000000
Neukirchen-Vluyn,6,532,9.0000000000000000
Hamminkeln,6,531,81.0000000000000000
Sankt Goar,5,531,92.7272727272727273
Pfungstadt,2,528,26.0000000000000000
Rockenhausen,5,526,20.4000000000000000
Wissen (Stadt),5,522,28.0000000000000000
Obernburg am Main,2,520,139.0000000000000000
Kelkheim (Taunus),2,518,55.0000000000000000
Bad Kötzting,2,512,95.0000000000000000
Zell (Mosel),5,509,82.0000000000000000
Traunreut,2,507,11.7500000000000000
Baesweiler,6,503,38.0000000000000000
Nierstein,5,489,7.0000000000000000
Neuötting,2,478,3.0000000000000000
Neuerburg,5,472,43.3333333333333333
Germering,2,463,10.0000000000000000
Bitterfeld-Wolfen,3,457,1142.5000000000000000
Taunusstein,2,456,60.0000000000000000
Heringen (Werra),2,450,4.0000000000000000
Voerde (Niederrhein),6,448,63.5000000000000000
Herxheim bei Landau/Pfalz,5,447,19.3333333333333333
Bad Krozingen,2,443,57.0000000000000000
Bürstadt,2,431,6.0000000000000000
Wächtersbach,2,426,41.5000000000000000
Leipheim,2,419,7.0000000000000000
Nieder-Olm,5,418,32.6666666666666667
Höhr-Grenzhausen,5,414,58.0000000000000000
Lichtenstein/Sa.,2,407,95.0000000000000000
Hemmoor,2,403,20.5000000000000000
Lindenberg im Allgäu,2,398,
Nastätten,5,389,33.3333333333333333
Zeven,2,389,14.5000000000000000
Sankt Goarshausen,5,387,37.5000000000000000
Oldenburg (Oldb),1,367,67.2307692307692308
Ramstein-Miesenbach,5,358,105.5000000000000000
Höchstadt an der Aisch,2,357,76.0000000000000000
Rödermark,2,343,142.5000000000000000
Laichingen,2,311,3.0000000000000000
Neutraubling,2,310,39.5000000000000000
Allendorf (Eder),2,274,2.0000000000000000
Zeulenroda-Triebes,2,233,154.8000000000000000
Großburgwedel,2,213,20.0000000000000000
Übach-Palenberg,6,81,
