page_id,page,min
4659943,Clausthal-Zellerfeld,0
49921,Moers,0
71874,Voerde (Niederrhein),0
101936,Baesweiler,0
4661095,Neuss,0
59600,Wesel,0
33478,Bottrop,0
9406,Beeskow,0
73638,Lauf an der Pegnitz,0
93320,Eitorf,0
69907,Meiningen,0
13819,Dülmen,0
151349,Bingen am Rhein,0
490101,Mainz,0.0271604313308162
3773883,Trier,12.4037229938099
50024,Viersen,17.8673585102815
3310052,Wadern,30.8343970378792
130027,Engelskirchen,30.8866572983485
48639,Löhne,36.2300032699319
42835,Lennestadt,36.4676194042879
142764,Rodgau,39.8287336099878
140527,Zeulenroda-Triebes,43.7417925654384
143616,Bühl (Baden),44.4327874673114
15646,Petershagen,55.8379742174459
96578,Markkleeberg,56.0714863517556
99539,Rödermark,64.1923759452617
82145,Hürth,66.1115043083884
2348185,Schwäbisch Hall,68.0664085025273
15094,Oberhausen,84.7269580827686
1030663,Stolberg (Rheinland),85.1522202808347
204165,Taunusstein,87.4497594515174
3840777,Emden,114.814337370085
897638,Euskirchen,121.471962448017
22109,Solingen,125.184403609946
1473612,Hamminkeln,128.435046705837
320639,Marktheidenfeld,133.964644865827
104154,Würselen,146.369420643956
18497,Ludwigslust,151.838189611945
230818,Baunatal,151.903364655067
1171331,Esslingen am Neckar,154.639593384624
54137,Ramstein-Miesenbach,157.246691442526
73058,Kehl,166.229762937694
18452,Stade,169.922304877046
27843,Bünde,177.377693352795
106657,Geilenkirchen,177.777537073882
129925,Hohenstein-Ernstthal,182.600243626347
161418,Eilenburg,198.034665621788
2785,Kelkheim (Taunus),199.334788921265
59902,Bergisch Gladbach,202.148429284403
86214,Troisdorf,216.173242891611
1880774,Langenfeld (Rheinland),223.141650111735
12328,Pirna,229.79099823738
95970,Annaberg-Buchholz,249.761649855584
29136,Sankt Augustin,250.169323810094
85103,Alzenau,256.667281220687
14161,Rothenburg ob der Tauber,258.001175638525
2726177,Bitterfeld-Wolfen,261.397126350156
179866,Übach-Palenberg,261.858328637294
24186,Siegburg,263.219735710485
31198,Leichlingen (Rheinland),269.419691117851
3753800,St. Ingbert,276.277904200512
3729892,Lüdenscheid,280.646043337903
3340,Meißen,318.238104902597
9004,Limburg an der Lahn,321.368046472005
18004,Freital,328.953314010906
21915,Osterode am Harz,329.563438679445
499380,Hemmoor,334.824135399973
79363,Schwandorf,338.184771422819
66746,Espelkamp,352.600053591924
2567816,Radevormwald,355.506815912356
15098,Gelsenkirchen,356.898836591017
18597,Schkeuditz,366.453022224932
364633,Porta Westfalica (Stadt),367.181072979989
4332,Ribnitz-Damgarten,369.169125797745
18429,Garbsen,378.641917900048
870071,Vilshofen an der Donau,379.796622191197
61954,Maintal,389.20766100925
76521,Wegberg,391.509243869467
87752,Grimma,392.9772445568
17103,Neustadt an der Weinstraße,403.69625681127
95497,Brakel,406.641354369558
123637,Lahnstein,417.139764212834
71256,Hemer,417.782834678557
20110,Herford,420.242062420745
3385428,Schwalbach am Taunus,421.63866475262
156895,Gunzenhausen,428.500873285598
47451,Bad Aibling,435.144575138784
63468,Freising,443.976361718796
142730,Weißenburg in Bayern,446.651813603383
21751,Schleswig,455.584840901246
17214,Castrop-Rauxel,467.986187676313
35752,Grafing bei München,472.949275223369
85804,Kerpen,473.45147111812
391535,Eschweiler,474.636016314565
13461,Koblenz,475.223351316616
36184,Bad Neuenahr-Ahrweiler,489.335865577938
110248,Dreieich,501.946880009787
16934,Merseburg,505.031032754048
4346285,Bedburg,507.879502868916
4809,Sankt Goarshausen,512.795314616323
154579,Sankt Goar,512.795314616695
39750,Pfarrkirchen,519.615421916467
17392,Delmenhorst,520.456514020196
51478,Vechta,527.976337183334
49846,Mülheim an der Ruhr,535.850609788012
382533,Krumbach (Schwaben),547.89520384873
85723,Alsdorf,552.119979666033
4549,Sindelfingen,556.372774677391
75659,Bad Honnef,558.757342569333
28314,Meerbusch,560.675922578802
54571,Bad Reichenhall,561.794384320305
70671,Füssen,563.446214871014
42726,Bad Kissingen,563.578099213017
177973,Aue (Sachsen),564.705117006583
4539203,Mittweida,568.300756373675
883481,Schönebeck (Elbe),569.774071979688
61807,Guben,573.249534275727
18579,Staßfurt,577.082690607318
39229,Remscheid,583.676626109355
37974,Lünen,583.698907771139
95964,Bad Soden-Salmünster,583.928573422087
28326,Leverkusen,594.470746571305
331685,Battenberg (Eder),605.509793581346
71605,Vellmar,613.038400555756
26470,Hennef (Sieg),617.819878480261
97758,Marktredwitz,624.255090988796
16944,Erkelenz,632.877736451592
106108,Wunsiedel,639.082885662531
1991746,Gößnitz (Thüringen),641.071220060735
163359,Schwalmstadt,647.258864655218
42191,Wipperfürth,648.638706419663
72927,Sonneberg,653.30561016374
85512,Bocholt,653.93618891277
49301,Vlotho,662.112295664988
19329,Berchtesgaden,670.291460911883
15893,Radebeul,677.108709260319
4284665,Brilon,679.411181038405
95547,Aichach,685.64007274036
21182,Bad Oeynhausen,687.27452405001
1169151,Lohr am Main,692.378773402829
2787,Kronberg im Taunus,692.558640902808
1322212,Lübbecke,706.981249018221
143985,Schwarzenberg/Erzgeb.,707.301565858261
206199,Limbach-Oberfrohna,713.627748815635
95647,Hückelhoven,723.459345168669
39251,Gütersloh,725.879436133582
16239,Marl,726.263165600404
36673,Witten,737.805702342555
271016,Vallendar,744.718811456107
354545,Erlenbach am Main,747.722224476283
67185,Osterholz-Scharmbeck,755.537893513291
37381,Cloppenburg,762.908506890898
21227,Eckernförde,767.084043003796
9447,Bremerhaven,769.24887641266
9402,Herzberg (Elster),775.775250069878
42844,Erftstadt,777.196291935508
143570,Rheinfelden (Baden),779.590960683468
4766,Speyer,780.385703257075
342945,Bad Neustadt an der Saale,780.849478953788
15654,Cuxhaven,781.637292255054
73224,Tönisvorst,786.108287323731
41659,Marsberg,793.996808546085
36243,Bad Kreuznach,801.287471645644
72032,Kreuztal,802.01751441205
1123650,Goslar,830.392277672032
96864,Löbau,836.150538971813
71267,Iserlohn,838.780041204604
2247655,Suhl,839.660507944013
272263,Hachenburg,845.259513083736
5219972,Leinefelde-Worbis,845.683514886985
1640,Freiberg,848.022704099075
15625,Recklinghausen,850.211366523096
91385,Wertheim,853.076205097202
42411,Velbert,855.781022204924
45647,Burghausen,865.503672306759
17389,Meppen,882.854062744941
11228,Calw,884.635295303048
70667,Menden (Sauerland),901.849879285131
174457,Diez,910.331079101551
3062,Ludwigshafen am Rhein,911.639852141592
193141,Dippoldiswalde,914.496523461549
42418,Ettlingen,915.87446085937
112532,Pößneck,923.336261752629
2741264,Dinkelsbühl,923.45737233657
15644,Minden,928.864598582384
494503,Goch,929.696960955727
33170,Zweibrücken,939.416974327076
139468,Bad Zwischenahn,958.228552460274
188164,Coswig (Sachsen),972.190571021063
98459,Alzey,973.764034180091
3437365,Abensberg,976.713609794751
289142,Schleiden,988.597706681227
1781163,Dinslaken,991.379420076584
11617,Pinneberg,992.616229614069
133395,Sulingen,994.764549274268
94950,Rheda-Wiedenbrück,995.100396113286
72043,Neunkirchen (Siegerland),995.341976750787
151860,Simmern/Hunsrück,996.611230792825
71218,Remagen,997.064016560332
2246972,Albstadt,1005.91295643642
73172,Düren,1009.50847743838
26819,Ilmenau,1020.64966463456
91996,Gmund am Tegernsee,1029.88885916574
763500,Oppenheim,1037.07532288744
18127,Künzelsau,1039.22467637578
122763,Kirchheimbolanden,1042.44950632149
116291,Bendorf,1043.81737936802
19138,Friedrichsdorf,1046.23452326401
69223,Michelstadt,1051.58953561003
260748,Hungen,1053.22323385809
189002,Geretsried,1056.1838468546
150292,Erbach (Odenwald),1057.00717712599
104151,Monschau,1061.15662849957
95571,Boppard,1064.53398164899
133335,Zwiesel,1065.7079389703
61752,Kitzingen,1067.27259798598
4231117,Laatzen,1067.49849088843
350139,Neuhaus am Rennweg,1069.10659750777
95448,Blomberg,1070.95278877064
2327838,Westerstede,1071.15870922966
2332,Hameln,1084.55604445228
4132200,Dorsten,1086.44072348526
86212,Greven,1087.47886902964
33751,Blieskastel,1093.04301683826
4187,Quedlinburg,1094.2034433912
53286,Riesa,1097.7173919301
95509,Beverungen,1099.02203278931
481394,Allendorf (Eder),1101.06171995084
1243,Eisenhüttenstadt,1102.54082915531
61808,Heinsberg,1113.32133627311
93789,Brühl (Rheinland),1115.16584938879
72013,Olpe,1115.53139069169
105135,Neutraubling,1117.66988592824
94273,Norden (Ostfriesland),1119.35745993666
348571,Bad Klosterlausnitz,1121.16238878371
21450,Detmold,1124.98325104376
219388,Grünstadt,1136.57723109457
32264,Bad Säckingen,1143.17903476542
149540,Waldbröl,1143.86047204124
8275,Wiesloch,1146.56782938381
3333933,Hildburghausen,1147.23836173682
82985,Bad Nauheim,1150.67224389015
169062,Weißwasser/Oberlausitz,1155.96889094527
14858,Herdecke,1165.51505117221
16926,Naumburg (Saale),1166.09789381218
3347283,Rudolstadt,1166.445678717
112745,Schopfheim,1170.8275214005
4468598,Rüdesheim am Rhein,1173.40942900966
564617,Gerolzhofen,1175.66479822112
142000,Niederkassel,1176.16708282851
218885,Lauter (Lauter-Bernsbach),1177.14834512144
4352760,Wernigerode,1178.25949493658
38235,Hamm,1179.98757786824
130508,Burglengenfeld,1188.33682695299
87894,Miltenberg,1190.81966790922
102375,Seevetal,1195.67778153347
81338,Münchberg,1198.98959782418
3606,Nidda,1204.81536399017
62967,Dillingen/Saar,1207.27590692536
16966,Bad Dürkheim,1207.53099843585
272222,Dierdorf,1223.84161935432
129693,Betzdorf,1224.37170926077
3207154,Ochsenfurt,1225.30083069398
34123,Landau in der Pfalz,1235.93511891128
116551,Bogen (Stadt),1236.47853150675
42523,Gelnhausen,1245.49601692283
41414,Ingelheim am Rhein,1252.26720253347
3644,Nördlingen,1260.13082382725
80590,Waldshut-Tiengen,1260.49235146921
3390424,Weiterstadt,1261.03739845458
1336576,Königstein im Taunus,1261.57693368595
2864050,Apolda,1263.47115463836
34395,Horn-Bad Meinberg,1277.95088243417
49888,Schwalmtal (Niederrhein),1281.92765201057
21550,Rüsselsheim am Main,1284.86895985064
16781,Bremervörde,1288.73831037471
3661662,Grevenbroich,1289.92583328441
122745,Altenkirchen (Westerwald),1293.63651313468
36778,Nordenham,1294.66259173029
95132,Radeberg,1296.10490407429
33589,Linz am Rhein,1296.63845018602
42227,Gummersbach,1301.12913670136
95131,Andernach,1302.35312628053
40650,Schwerte,1305.92533601895
272256,Nastätten,1308.35436829345
19264,Demmin,1308.59128315955
333661,Teublitz,1311.29206119979
707656,Borken (Hessen),1322.05699557335
744725,Wittingen,1322.5984648789
18440,Leer (Ostfriesland),1323.7141902239
93092,Lohmar,1324.11159918717
258185,Bad Wildungen,1330.42310175063
85383,Hechingen,1333.53237184026
192332,Schneeberg (Erzgebirge),1343.29837102538
671,Bad Homburg vor der Höhe,1347.24532907675
93799,Montabaur,1351.71994394457
3434813,Cochem,1352.74165994377
68449,Rheinbach,1355.80890627609
61762,Reichenbach im Vogtland,1357.99790458075
94931,Halle (Westf.),1364.37770228912
788599,Mörfelden-Walldorf,1366.0338779565
120180,Lindau (Bodensee),1366.44889379179
19489,Korschenbroich,1367.78770500915
47377,Frechen,1368.93135798211
374020,Gladenbach,1370.35672003267
4819921,Marienberg,1372.23408351752
92663,Uslar,1372.45941843394
142584,Fürstenwalde/Spree,1375.66003405535
95950,Bad Salzungen,1381.6807185799
108582,Bad Vilbel,1382.73166651681
496168,Rheine,1385.52479001819
191536,Waldkirch,1385.83123433648
57537,Emmerich am Rhein,1387.24749716984
124189,Mühlheim am Main,1388.3105160586
2624683,Nürtingen,1390.21064833799
71941,Selm,1393.57968957717
47410,Wermelskirchen,1395.16573652285
144021,Zella-Mehlis,1423.41723051311
110084,Crimmitschau,1426.79663848531
147555,Bornheim (Rheinland),1428.58572312111
83274,Lemgo,1430.42843145371
909333,Herrenberg,1432.30864295107
77991,Staufen im Breisgau,1434.10339685201
72046,Wetter (Ruhr),1435.65991789937
61345,Bad Ems,1435.76581115961
738335,Lößnitz (Erzgebirge),1436.72725409792
2968,Leonberg,1437.47574765491
143124,Horb am Neckar,1444.41465090301
95945,Bad Gandersheim,1444.45218691303
54869,Gevelsberg,1444.53764274209
114638,Kusel,1446.24873460864
49078,Donauwörth,1446.77233196703
3145441,Greiz,1446.78511311605
269409,Nierstein,1449.61875622477
95514,Bad Driburg,1452.15049590513
90059,Gaggenau,1454.94675353468
113920,Biberach an der Riß,1458.42247978888
4084139,Saarlouis,1463.89688548526
14060,Verden (Aller),1469.97327437125
6583364,Saalfeld (Mühlhausen),1470.88544402063
17804,Worms,1474.09726692827
113337,Delitzsch,1475.44429179793
104625,Waldsassen,1478.15319909054
111449,Bad Schwalbach,1480.17914921709
668167,Neustadt bei Coburg,1485.33624037962
9299,Seelow,1485.57598683542
157226,Eggenfelden,1488.30446011508
14240,Sondershausen,1488.46529779195
17616,St. Wendel,1490.69623889696
43023,Kirchheim unter Teck,1493.17565917639
3220348,Kirchen (Sieg),1494.26744288348
72047,Sprockhövel,1501.48452850988
1535076,Obernburg am Main,1505.41612742855
717226,Elsenfeld,1505.41612742859
68920,Homburg,1510.17548159103
152423,Heringen (Werra),1517.52163941617
142071,Achern,1517.53160430645
130347,Neuerburg,1520.91758881064
3230988,Lübbenau/Spreewald,1523.82210975733
382492,Dernbach (Pfalz),1524.33127182647
27377,Müllheim (Baden),1524.87531547659
23873,Neuwied,1526.57151462553
50402,Xanten,1526.95976589257
127891,Tirschenreuth,1530.16523615545
18422,Buchholz in der Nordheide,1532.58021026717
832551,Tauberbischofsheim,1535.29582117565
29519,Starnberg,1538.09165080108
37703,Böblingen,1542.29765029002
3225777,Bad Arolsen,1554.51075370765
137110,Haan,1557.83725343353
691449,Wangen im Allgäu,1564.20221526531
41323,Wolfratshausen,1564.99458650122
272258,Lauterecken,1565.46111267389
1884696,Falkenstein/Vogtl.,1568.76961661886
34974,Sinsheim,1571.51996285703
2851148,Herborn,1573.56641473309
69084,Bruchköbel,1573.60055178802
37061,Neuburg an der Donau,1579.7436607326
1702,Flörsheim am Main,1582.96152612304
142034,Wesseling,1584.6596915355
23097,Kamenz,1589.42037409084
78327,Prüm,1591.34758324639
18450,Uelzen,1596.2275051094
85365,Mindelheim,1596.41832137662
158038,Lauterbach (Hessen),1600.5827841568
381753,Immenstadt im Allgäu,1600.70781536807
39745,Nettetal,1606.76071341467
35799,Groß-Gerau,1606.88672377128
71879,Bergkamen,1611.17861269856
81875,Homberg (Efze),1611.51975715946
17904,Altenburg,1617.96934471525
199959,Karlstadt,1622.32514494032
72986,Bad Harzburg,1622.3367129518
75462,Eisenberg (Thüringen),1623.68783228841
203103,Stadtroda,1628.43858619033
81000,Jülich,1631.11475488203
210367,Simbach am Inn,1632.27568536963
15318,Braunau am Inn,1632.27568536981
71994,Schmallenberg,1632.32819494681
235430,Hünfeld,1633.95975684665
89359,Bebra,1637.67368788101
33767,Annweiler am Trifels,1637.91812964034
21115,Varel,1639.22368185773
109413,Artern/Unstrut,1640.39521865877
143808,Münsingen (Württemberg),1642.05498828026
100228,Bad Langensalza,1642.62475909564
41624,Heppenheim (Bergstraße),1645.21339400932
155978,Besigheim,1645.86518348548
57421,Königswinter,1649.52691174434
84606,Kaarst,1649.9995129116
59595,Sigmaringen,1650.0530235692
2247,Hofheim am Taunus,1653.87021571311
95445,Lage (Lippe),1655.61107833968
18424,Duderstadt,1656.31616753274
17918,Wolfenbüttel,1661.21584809557
1771288,Zell (Mosel),1662.90148222538
146249,Neunkirchen (Saar),1668.30660130918
74787,Lichtenfels (Oberfranken),1671.19157726132
129005,Ellwangen (Jagst),1672.01048071173
145074,Georgsmarienhütte,1672.10550867658
688997,Ennepetal,1673.86299392694
70970,Neuötting,1680.33712794575
20494,Altötting,1680.337127946
184476,Wittmund,1683.06086673452
116080,Adenau,1683.13005126808
495634,Neustadt an der Donau,1689.792304499
71920,Kamen,1697.87378843932
3099519,Lutherstadt Eisleben,1697.89450543624
54688,Kaltenkirchen,1698.91307346027
20026,Oberursel (Taunus),1699.00229125427
5328,Unna,1701.52712604928
72048,Schwelm,1703.64174393648
74301,Birkenfeld (Nahe),1706.2186012156
53164,Wurzen,1708.0964084433
4698339,Ludwigsburg,1709.55319110797
32184,Murnau am Staffelsee,1709.62933626632
104150,Herzogenrath,1710.50867544989
11706,Arnsberg,1711.50107249737
100182,Traunreut,1719.2044558441
206562,Alsfeld,1723.67355840665
1981270,Bernburg (Saale),1724.65756736792
92387,Wittlich,1725.09600684872
48727,Bad Hersfeld,1732.42995225917
1945517,Rendsburg,1742.50963528981
669,Bad Soden am Taunus,1742.90872481975
2713295,Soltau,1745.7768408358
66725,Eichstätt,1748.23804047089
158416,Wirges,1748.86274141562
111193,Traben-Trarbach,1749.9889025385
9278,Königs Wusterhausen,1752.44047669202
201488,Hammelburg,1753.1981718208
24722,Wunstorf,1753.53987612859
18435,Holzminden,1754.54282038525
91399,Bietigheim-Bissingen,1755.4405082011
61466,Burgdorf (Region Hannover),1759.23718885633
126553,Sinzig,1760.5418756012
21184,Barsinghausen,1760.71625996734
27947,Borna,1761.98492021478
188494,Lüchow (Wendland),1767.5439695152
87869,Friedberg (Bayern),1768.61901585391
54806,Rinteln,1769.47115773804
16884,Nienburg/Weser,1771.51104280027
130796,Weilburg,1773.86760757684
3381169,Haiger,1776.12601684457
3454662,Weimar,1777.19829780579
90896,Witzenhausen,1782.54676663912
339933,Lauingen (Donau),1785.35836343595
61523,Metzingen,1786.09540453929
3399969,Arnstadt,1790.28507777726
50771,Bad Bergzabern,1790.66176684613
95470,Warburg,1798.19864717234
184704,Melsungen,1800.04159929435
108909,Wächtersbach,1800.41253407754
118879,Haltern am See,1806.80236178422
35944,Kirn,1813.58530586418
85376,Bad Segeberg,1814.94808477593
259050,Falkensee,1827.80999675116
3028814,Herten,1829.0883595627
801381,Schmalkalden,1834.89487938949
704534,Schmölln,1839.72551282333
294203,Bensheim,1843.04653973579
82186,Achim (Landkreis Verden),1843.25761327803
142260,Mölln,1846.67113681807
518071,Miesbach,1849.48939214379
732273,Pegnitz (Stadt),1850.03324030646
11847,Norderstedt,1850.40611721137
126539,Eltville am Rhein,1852.78366482091
63581,Kelheim,1853.25058761145
217986,Oberlungwitz,1853.25169956064
59934,Schleiz,1853.25169956064
26814,Fürstenfeldbruck,1854.2818269083
346639,Bad Kötzting,1856.38128647711
66508,Merzig,1859.42143749857
268377,Edenkoben,1860.01098620204
17345,Gotha,1860.54541052576
53359,Alfeld (Leine),1860.55551647811
192334,Bad Schlema,1868.23853227109
14071,Stadthagen,1871.97423751742
17979,Wildeshausen,1877.4955389744
59901,Herne,1879.15760527304
141777,Mechernich,1882.69583003983
62986,Dillingen an der Donau,1883.05699479376
340689,Freyung,1883.6730177213
143550,Heidenheim an der Brenz,1884.35838519523
2256637,Emsdetten,1884.80325543471
2508047,Pfaffenhofen an der Ilm,1889.28416751594
1034921,Bad Salzuflen,1891.73923694593
116543,Bergheim,1893.78550914676
2803,Kronach,1898.85434701004
285685,Nieder-Olm,1907.5694922621
72026,Bad Laasphe,1912.99343816807
297933,Waldkraiburg,1914.00280360126
272265,Eisenberg (Pfalz),1915.34037563118
85537,Gladbeck,1916.51645539501
2587334,Zeitz,1924.8421902911
125538,Schwetzingen,1930.65394535924
204748,Breisach am Rhein,1938.55198166528
21231,Hattingen,1938.614949793
70581,Schwabach,1944.55202250072
4021774,Öhringen,1950.50613971219
448471,Haslach im Kinzigtal,1951.0901933975
15855,Waiblingen,1954.80752769601
78667,Friesoythe,1956.09142078378
351335,Gernsbach,1958.66882689431
333588,Wolfach,1967.6396518649
272251,Rockenhausen,1972.85272757698
82483,Landau an der Isar,1976.23641343107
61785,Crailsheim,1987.53508178885
94786,Bad Blankenburg,1989.172780635
31220,Heide (Holstein),1989.21767439806
15847,Emmendingen,1991.38099021712
55872,Selb,1992.81310378076
61699,Attendorn,1992.96886703349
133954,Neckarsulm,1995.28193887163
2851447,Eschwege,2002.76322437319
73867,Rastatt,2002.80386651837
71839,Sarstedt,2007.60741422142
125531,Werdohl,2010.7297038724
3379143,Hattersheim am Main,2011.62544377256
69968,Fritzlar,2017.28435200133
195638,Mühldorf am Inn,2017.87791776894
81135,Bretten,2019.00484310658
81220,Torgau,2020.61396038118
162254,Hennigsdorf,2021.01655629709
16811,Rotenburg an der Fulda,2023.96541602195
89047,Mühlhausen/Thüringen,2033.98599362666
4154147,Roth,2034.08232652487
12019,Kulmbach,2034.6060291884
203098,Sömmerda,2035.36395905203
196021,Buchen (Odenwald),2036.73483190605
2491475,Konz,2041.01163460318
494523,Weißenfels,2044.64755021708
4603259,Bitburg,2046.14739007808
71553,Plettenberg,2046.95351808108
89075,Balingen,2055.83192477229
108738,Cheb,2057.34186909271
307600,Sontra,2068.12122392062
272235,Meisenheim,2068.84154369184
118241,Geisenheim,2069.87310768938
339831,Pfullendorf,2070.40405910364
349196,Stollberg/Erzgeb.,2079.47958480005
67201,Northeim,2089.84149286916
154401,Seligenstadt,2105.21118592259
272248,Westerburg,2106.2446098393
17835,Erkrath,2106.99371495661
35021,Lingen (Ems),2114.42796338831
5123411,Kornwestheim,2115.45770290203
139195,Griesheim,2129.09981189527
72024,Bad Berleburg,2147.15053206366
18441,Langenhagen,2148.52795259773
21241,Wolgast,2149.13251017813
1029455,Ueckermünde,2153.3330623462
102370,Vaihingen an der Enz,2157.67727002779
4269645,Bernkastel-Kues,2158.38041088141
9404,Oranienburg,2159.24979788032
326912,Groß-Umstadt,2162.77478846664
100007,Döbeln,2163.51703351551
244628,Biedenkopf,2164.87231189564
92098,Fellbach,2167.94711036965
131927,Pulheim,2168.68574867532
272240,Dahn,2170.41091858156
26764,Finsterwalde,2171.06651433615
38939,Cham (Oberpfalz),2171.86588347077
46345,Lebach,2172.33509123811
192350,Riedlingen,2177.10602195066
102336,Daun,2183.3873240215
71050,Hermsdorf (Thüringen),2184.97458886002
9374,Templin,2190.05447477425
3667832,Tuttlingen,2196.16483978539
18416,Aurich,2196.19135041765
112650,Neustadt an der Aisch,2196.49400233703
19305,Zittau,2196.89110680717
517697,Lauscha,2198.09672453387
354790,Peiting,2199.68892898805
73371,Glauchau,2213.51204482059
5725,Wülfrath,2223.27823803088
156865,Wolfhagen,2226.29872968972
132468,Germering,2227.97345551354
155823,Kastellaun,2227.99991241018
78101,Bad Mergentheim,2228.91456994366
1359458,Eisenach,2230.4481985217
1540169,Hessisch Lichtenau,2231.6701992935
145689,Hausham,2233.30383707376
133861,Kleve,2235.00274366023
95428,Barntrup,2242.84015460164
537732,Maxhütte-Haidhof,2250.28141649747
4279842,Lichtenstein/Sa.,2251.03558222102
99743,Schlüchtern,2252.73906135247
60726,Büdingen,2257.39551142958
85527,Dormagen,2261.38042599119
868225,Völklingen,2261.83993599986
208340,Nagold (Stadt),2266.25365579886
17390,Papenburg,2271.88361489478
133332,Idstein,2274.60838679753
16861,Hann. Münden,2280.11090246031
1383,Eschborn,2289.37447434996
107857,Kirchberg (Hunsrück),2292.96978846865
132750,Höchstadt an der Aisch,2296.28737209625
61354,Bad Tölz,2297.83684172946
1899960,Stendal,2304.52486760601
354315,Marktoberdorf,2308.81264981322
3381356,Laubach,2310.28472504027
193500,Weilheim in Oberbayern,2310.65738396583
80150,Bad Freienwalde (Oder),2312.090065103
706460,Bad Krozingen,2317.75974570263
4002438,Warstein,2320.89028580111
32566,Pirmasens,2321.526601891
9276,Neuruppin,2323.17188430103
133688,Ibbenbüren,2323.27516255239
16784,Zeven,2325.52901226373
69324,Saarburg,2331.77259972255
37574,Wasserburg am Inn,2334.35373775789
35555,Meschede,2338.78393450368
47520,Schorndorf,2341.95449473652
330544,Sonthofen,2353.36891823802
3185995,Geesthacht,2356.64110106637
212542,Werdau,2357.05729897243
132712,Gerolstein,2374.61911674524
57520,Usingen,2378.67674067063
57466,Niesky,2380.79408204048
15923,Schwäbisch Gmünd,2393.10104221369
341141,Obertshausen,2397.25059598558
111395,Friedberg (Hessen),2403.67695760178
66603,Ratingen,2406.08334981446
21531,Grünberg (Hessen),2406.33165353598
87169,Dingolfing,2408.92985946868
53044,Langen (Hessen),2415.42392054001
41348,Göppingen,2415.68499265851
291293,Rodewisch,2420.85064530715
142600,Auerbach/Vogtl.,2420.85064530727
3199881,Parsberg,2424.5560995163
60919,Ahaus,2430.85547705513
42383,Nordhausen,2437.54659373665
18473,Winsen (Luhe),2438.25207304555
71934,Werne,2442.68752305445
2249,Hochheim am Main,2443.50098469592
61687,Bad Nenndorf,2444.91115574932
96795,Oberstdorf,2454.31272904354
807643,Großburgwedel,2458.62502035159
41577,Ehingen (Donau),2472.19988072221
17980,Diepholz,2481.90140556312
30461,Baden-Baden,2486.03934059493
252027,Schongau,2488.93505683036
141648,Bürstadt,2490.1602807166
4670533,Rottach-Egern,2491.15173085228
75321,Tegernsee (Stadt),2491.15173085253
34593,Rottweil,2492.65883432184
1594,Frankenthal (Pfalz),2495.18743041253
551616,Kirchhain,2496.7445683684
12294,Bruchsal,2504.43655639293
192431,Syke,2505.09224219941
94120,Sulzbach-Rosenberg,2523.24858642753
18577,Aschersleben,2532.62413200808
71403,Bernau bei Berlin,2532.7759513277
127820,Mühlacker,2535.79498454429
436733,Naila,2542.80988446986
58547,Regen (Stadt),2544.82822367853
88659,Moosburg an der Isar,2548.1377758135
107545,Spremberg,2552.68618640525
276717,Nauen,2566.57851120552
129794,Dillenburg,2569.50024690202
35960,Ebersberg,2573.54210639212
4676987,Backnang,2575.20158348158
235270,Ellefeld,2580.5793849653
43477,Datteln,2589.64049807047
184006,Höhr-Grenzhausen,2589.99654918201
3620284,Höxter,2594.7836862075
22167,Lorsch,2597.31303958935
127528,Kevelaer,2600.05161685709
3952551,Melle,2602.30118639447
137098,Heiligenhaus,2603.16988522604
72053,Werl,2603.7473362978
129900,Erding,2605.35868214048
18732,Köthen (Anhalt),2609.43975113748
57795,Schramberg,2614.85368927296
182262,Laupheim,2629.4810137477
15467,Lutherstadt Wittenberg,2632.7308904216
98118,Weinheim,2633.10245471208
55745,Eberbach,2635.99913952839
266163,Bad Sobernheim,2646.926156529
76995,Geldern,2654.05996172685
347051,Illertissen,2655.72938896211
661515,Grevesmühlen,2656.39839533393
14069,Bückeburg,2667.64928240779
61242,Willich,2667.67035864368
73645,Hersbruck,2694.00535631728
132795,Wissen (Stadt),2695.0780625102
58910,Jever,2697.61573847911
9375,Bad Belzig,2699.20964904844
54974,Freilassing,2722.79234783819
3009588,Büren (Westfalen),2723.06644896359
138103,Zossen,2725.5574306948
145048,Lahr/Schwarzwald,2726.51578857268
72050,Geseke,2728.33907083163
110103,Gronau (Westf.),2755.77184636689
133826,Herxheim bei Landau/Pfalz,2757.10283945231
169821,Leipheim,2760.58193693758
3217580,Bad Wörishofen,2767.96035087674
189440,Butzbach,2768.35610043101
18446,Neustadt am Rübenberge,2779.86729387881
35786,Pfungstadt,2780.41636097441
149929,Stadtallendorf,2783.61642763976
156331,Großenhain,2785.12427591228
116987,Hermeskeil,2788.95703571296
26626,Viernheim,2789.3613585276
95125,Delbrück,2803.69206268358
5599898,Mosbach,2809.23363542797
249319,Domažlice,2811.84845741674
21191,Buxtehude,2814.55732795241
45898,Geislingen an der Steige,2828.57554319046
19535,Erkner,2830.19693257262
112530,Bad Lobenstein,2841.80740743765
143597,Seesen,2845.7436086926
3996870,Rottenburg am Neckar,2852.22503996144
108279,Heilbad Heiligenstadt,2855.32006133983
4029,Peine,2862.66443038444
75274,Idar-Oberstein,2873.11562709099
28681,Monheim am Rhein,2874.87397438376
4156320,Dieburg,2887.98639806832
2350,Itzehoe,2892.64992514922
4931761,Güstrow,2896.16315836458
91547,Mayen,2897.18004848946
208974,Titisee-Neustadt,2898.50019581293
97147,Rheinberg,2901.81316642651
47433,Elmshorn,2922.22125355002
46366,Landsberg am Lech,2929.48976484174
3439019,Lich,2944.72093902134
58150,Einbeck,2948.79844283714
14070,Gifhorn,2951.67810023482
158708,Lüdinghausen,2951.83887175729
45078,Dachau,2951.94455016917
60465,Brunsbüttel,2966.27972046582
16939,Oschersleben (Bode),2967.04302273549
2869,Korbach,2970.5200866944
67940,Dietzenbach,2999.14921940711
292911,Trostberg,3001.68057106829
66480,Radolfzell am Bodensee,3003.55694580721
17756,Germersheim,3005.33011342575
14077,Walsrode,3009.30311586071
4094187,Teltow,3009.92772267319
119405,Bad Wiessee,3010.26537824699
182607,Blaubeuren,3014.56138648171
30296,Überlingen,3018.25313680689
141898,Wörth am Rhein,3022.18038531992
3134955,Sundern (Sauerland),3031.21907090758
67714,Nordhorn,3049.87401204522
24593,Schwabmünchen,3066.69964778635
9409,Luckenwalde,3082.49399605923
44848,Frankenberg (Eder),3083.24661257577
71546,Meinerzhagen,3086.91907412536
286167,Wahlstedt,3093.17336054635
9403,Rathenow,3100.96469821317
9401,Eberswalde,3105.5112460583
95475,Steinheim (Westfalen),3119.2461492263
21935,Kempen,3129.6039438819
145607,Landstuhl,3131.23990055389
3617584,Lampertheim,3132.23440751482
4037496,Aalen,3132.36446230725
114438,Bad Brückenau,3134.52158139608
67882,Bad Doberan,3146.83446623513
106671,Herzogenaurach,3151.40824298239
33766,Husum,3152.58283836427
43955,Donaueschingen,3156.50384585402
1231393,Hofgeismar,3164.3743407558
46587,Ahrensburg,3175.10174330533
31702,Singen (Hohentwiel),3182.02401723393
136080,Kandel (Pfalz),3182.9298762971
59625,Lehrte,3184.98719826905
78002,Bergen auf Rügen,3189.35729516756
77018,Günzburg,3195.89486318086
104273,Hilden,3205.6824804007
144711,Grafenau (Niederbayern),3207.29137915949
127997,Oer-Erkenschwick,3211.15166097064
72001,Winterberg,3213.85237102283
101748,Lindenberg im Allgäu,3228.49954476515
341786,Heusenstamm,3232.37500785384
115197,Walldorf (Baden),3234.66103226193
68917,Wedel,3256.04844019708
3040638,Bad Pyrmont,3257.44231329125
68111,Bad Orb,3280.75876641229
617114,Ruhstorf an der Rott,3299.10554690744
169541,Ludwigsfelde,3300.15815999046
17959,Ochtrup,3303.27629361543
98413,Jüterbog,3331.49836308733
109577,Stuhr,3344.65165796578
39252,Lippstadt,3384.5902264151
15464,Neu-Isenburg,3409.20635662699
71174,Altena,3411.05507170683
102862,Baumholder,3429.86543727513
94501,Rietberg,3430.99897190516
49875,Pasewalk,3431.56497976447
141803,Bad Saulgau,3433.83162476746
32868,Soest,3467.50267197697
10948,Salzwedel,3498.26869667951
4432709,Viechtach,3499.81424617751
490171,Bad Windsheim,3524.33315522529
160387,Leutkirch im Allgäu,3529.24338009316
21249,Anklam,3538.70247171901
85414,Waltrop,3541.94214064185
1910093,Bad Oldesloe,3544.3597187801
846552,Haldensleben,3547.03138004946
364960,Hausach,3553.54101412477
3457,Mettmann,3565.78576821764
91226,Oelsnitz/Vogtl.,3597.81130170441
19729,Helmstedt,3602.17066894166
4094063,Bramsche,3608.0132803187
1651435,Schwedt/Oder,3652.15202288676
9410,Prenzlau,3653.88146916274
55722,Laichingen,3660.23823207079
3201800,Sangerhausen,3700.03369810695
2748037,Haßfurt,3709.65216055292
18421,Brake (Unterweser),3740.64625695961
26355,Eutin,3748.23963978822
2804137,Kyritz,3751.58650794019
33169,Garmisch-Partenkirchen,3770.34668698836
130598,Lengerich (Westfalen),3782.5324025057
17051,Haßloch,3800.43319255764
70803,Neuenhagen bei Berlin,3863.17246128378
31614,Springe,3882.47956595481
86176,Steinfurt,3892.39371512044
88792,Forchheim,3894.01274986163
162323,Penzberg,3914.19744969181
16921,Burg (bei Magdeburg),3961.57355253993
31110,Neukirchen-Vluyn,3962.19378932548
4164291,Warendorf,4039.79024258517
74138,Schrobenhausen,4059.08386778454
101939,Borken,4070.54527305675
71285,Mainburg,4100.28319093057
86221,Beckum,4161.0962444394
4504194,Schifferstadt,4175.61592616024
19288,Parchim,4189.09309665051
149970,Pocking,4234.71967825795
3899291,Coesfeld,4260.75093071415
33743,Bad Wildbad,4261.09596403192
3958260,Quakenbrück,4261.38693632768
4913845,Wismar,4262.93340276357
13431,Hagenow,4287.7414397564
16501,Halberstadt,4291.9092725048
21156,Kamp-Lintfort,4314.19995306619
18504,Neustrelitz,4352.6628767253
139544,Lohne (Oldenburg),4449.21683479257
2968351,Furth im Wald,4503.75020005891
93822,Bad Waldsee,4527.64796260982
17803,Oschatz,4528.0153648228
48367,Stockach,4552.30634105376
905362,Oelde,4612.6923551427
14061,Rotenburg (Wümme),4718.16143313011
311741,Teterow,4744.71349980973
236523,Grimmen,4750.61161275833
313542,Rastede,4751.87556938329
1599,Freudenstadt,4754.1448663189
11519,Zerbst/Anhalt,4764.89953269747
19276,Waren (Müritz),5087.60030519471
9295,Strausberg,5288.79176293762
75781,Vilsbiburg,5473.34906741561
93125,Vreden,5558.11562899726
101931,Ahlen,5817.80236405588
9382,Lübben (Spreewald),6106.50257731479
108530,Stadtlohn,6375.18777892597
3683877,Forst (Lausitz),6609.03110227165
18443,Munster (Örtze),6870.59676945543
