page,type,incoming,avg_within_10k,linking_places_within_10k,incoming_within_10k
Berlin,1,639340,187.0637605725439167,3107,81272
Köln,1,220329,121.3128898128898129,975,24879
Hamburg,1,218564,155.0408333333333333,1223,22983
München,1,198911,166.2251616696061141,1775,24519
Leipzig,1,124118,130.6038338658146965,634,15345
Dresden,1,121232,207.5824795081967213,1973,27706
Hannover,1,100271,67.0157397691500525,965,21969
Nürnberg,1,98748,88.7011128775834658,642,11060
Stuttgart,1,87723,165.5635036496350365,707,12373
Bremen,1,85392,100.3196721311475410,613,13651
Frankfurt am Main,1,83723,141.7460035523978686,1136,13863
Düsseldorf,1,79853,128.6729758149316509,966,17563
Braunschweig,1,66259,76.5410821643286573,500,14769
Bonn,1,60649,148.0604113110539846,780,14277
Lübeck,1,60036,68.7576419213973799,462,7377
Münster (Westfalen),1,51712,86.7526881720430108,376,6319
Aachen,1,51604,83.8070539419087137,485,10707
Mainz,1,50182,249.5788617886178862,620,20888
Mainz,5,50182,249.5788617886178862,620,20888
Magdeburg,1,44389,41.0313725490196078,513,8876
Augsburg,1,40927,57.2288461538461538,536,9488
Essen,1,40924,78.3173588924387646,945,12118
Heilbronn,1,39707,68.5372023809523810,678,13615
Karlsruhe,1,39090,152.3935860058309038,346,6061
Heidelberg,1,36902,113.3739376770538244,356,6056
Kassel,1,36303,107.5589123867069486,336,5396
Dortmund,1,36220,152.0771428571428571,705,9760
Kiel,1,35539,115.4555984555984556,259,4992
Mannheim,1,35345,153.2268518518518519,439,7816
Erfurt,1,31012,69.5909090909090909,336,6970
Rostock,1,30719,87.2181818181818182,224,3983
Koblenz,5,30583,141.1555555555555556,450,21950
Koblenz,1,30583,141.1555555555555556,450,21950
Potsdam,1,29440,247.4300791556728232,384,5279
Halle (Saale),1,29079,79.5558739255014327,353,3081
Jena,1,28824,61.2569444444444444,297,3910
Darmstadt,1,28656,70.1294765840220386,381,5770
Trier,1,27314,117.5155279503105590,327,11980
Trier,5,27314,117.5155279503105590,327,11980
Göttingen,1,27235,153.4416243654822335,198,2950
Regensburg,1,27161,69.8504672897196262,331,4933
Mönchengladbach,1,27144,27.4905231235784685,1335,15388
Radebeul,2,26412,291.2225289895085588,1837,14161
Freiburg im Breisgau,1,25959,118.4716049382716049,422,4145
Quedlinburg,2,25726,15.8401184307920059,1358,19628
Wuppertal,1,25441,69.7843971631205674,1411,10687
Duisburg,1,25056,146.2682926829268293,538,6667
Stralsund,1,23689,32.3027343750000000,513,10160
Chemnitz,1,23673,88.5888324873096447,198,4053
Weimar,3,22169,71.9695817490494297,264,2776
Wiesbaden,1,22059,198.0715563506261181,567,4600
Bochum,1,21694,85.5266331658291457,1006,7538
Tübingen,1,21401,348.2166666666666667,241,2575
Würzburg,1,20799,84.1206030150753769,206,2544
Bielefeld,1,20412,96.4543209876543210,407,7534
Ulm,1,20181,111.1578947368421053,382,7832
Marburg,1,20060,129.0847457627118644,179,2861
Flensburg,1,20045,107.7008547008547009,236,7047
Osnabrück,1,19277,77.4623655913978495,187,3377
Saarbrücken,1,19149,108.4127516778523490,302,5073
Bamberg,1,18073,81.9897435897435897,199,3448
Schwerin,1,18027,62.4899328859060403,150,3192
Hanau,1,17705,75.6255144032921811,247,4086
Coburg,1,17173,52.5204918032786885,247,4264
Greifswald,1,16749,88.2803738317757009,108,2273
Hildesheim,1,16635,60.3843137254901961,255,4677
Bayreuth,1,15892,94.6060606060606061,133,2675
Speyer,3,15648,114.8807947019867550,184,3001
Paderborn,1,15427,132.5829383886255924,211,3826
Gießen,1,15401,116.9809523809523810,211,2545
Gera,1,15186,43.6113537117903930,233,2840
Görlitz,1,15015,75.3511904761904762,169,3889
Düren,6,14659,42.4691151919866444,602,6250
Konstanz,1,14474,95.3676470588235294,205,2505
Gotha,3,14283,63.6912751677852349,150,2489
Bremerhaven,2,14111,162.8603351955307263,182,2746
Krefeld,1,13883,73.3053892215568862,169,2149
Fulda,1,13880,106.3200000000000000,130,2681
Minden,6,13675,96.7176079734219269,304,5322
Lüneburg,1,13495,106.9272727272727273,111,1679
Lutherstadt Wittenberg,3,13342,89.8888888888888889,55,382
Schleswig,2,13118,451.5108695652173913,92,1986
Eisenach,3,13047,55.7859922178988327,264,3865
Passau,1,12843,203.9675324675324675,156,2344
Hamm,2,12750,66.4523809523809524,172,3858
Siegen,1,12057,62.7380073800738007,271,3095
Erlangen,1,11747,92.7812500000000000,175,2031
Cottbus,1,11594,65.8640776699029126,105,2081
Worms,3,11502,74.6727272727272727,170,2832
Emden,3,10903,113.5409836065573770,183,2935
Oberhausen,2,10739,145.4562500000000000,648,2747
Bautzen,1,10363,102.5586854460093897,213,2699
Aschaffenburg,1,10176,60.5914396887159533,258,2546
Landshut,1,10030,56.9919354838709677,127,1949
Kaiserslautern,1,9970,67.1904761904761905,149,1654
Hof (Saale),1,9672,59.6234567901234568,162,1616
Hagen,1,9566,65.8819875776397516,324,2309
Ingolstadt,1,9563,146.3630136986301370,149,1756
Meißen,2,9552,79.7682926829268293,246,2511
Gelsenkirchen,2,9307,161.5672514619883041,862,2055
Detmold,6,9229,108.0153374233128834,328,3739
Baden-Baden,3,9096,76.7076923076923077,133,1244
Altenburg,3,9084,49.4920000000000000,251,2488
Plauen,1,9046,57.6760563380281690,144,1834
Eichstätt,2,9016,60.1388888888888889,111,1520
Freiberg,2,9003,78.6500000000000000,100,1310
Celle,1,8998,66.4886363636363636,88,1741
Fürth,1,8972,233.5513043478260870,589,1760
Meiningen,2,8919,60.8333333333333333,162,2269
Arnsberg,6,8822,61.2962962962962963,217,2423
Solingen,2,8802,62.3374233128834356,823,2322
Freising,3,8741,54.5351351351351351,191,2090
Herford,6,8623,93.1841155234657040,279,3972
Neuss,6,8506,196.6843891402714932,899,2725
Ludwigsburg,2,8455,178.0637583892617450,303,1961
Frankfurt (Oder),1,8085,62.9523809523809524,85,992
Berchtesgaden,2,7974,109.6318681318681319,184,2920
Ansbach,1,7626,55.3502304147465438,217,1713
Memmingen,1,7622,44.0666666666666667,279,2253
Ludwigshafen am Rhein,5,7460,220.4708624708624709,437,4548
Ludwigshafen am Rhein,1,7460,220.4708624708624709,874,4548
Aurich,2,7295,188.1739130434782609,138,2016
Bergisch Gladbach,6,7245,27.8535871156661786,698,4781
Brilon,6,7237,35.7694805194805195,312,2823
Iserlohn,6,7216,81.9139072847682119,302,1879
Brandenburg an der Havel,1,7143,55.6547619047619048,168,1361
Wilhelmshaven,1,7142,61.0839160839160839,144,1641
Ravensburg,1,7030,104.5000000000000000,125,1371
Soest,6,6928,56.1739130434782609,138,1547
Remscheid,2,6833,89.9302325581395349,1083,3157
Herne,2,6799,137.8066115702479339,618,2375
Bad Kissingen,2,6775,49.2281553398058252,208,2695
Offenbach am Main,1,6676,231.8982161594963274,963,1352
Witten,6,6661,75.7508610792192882,876,3781
Garmisch-Partenkirchen,3,6649,67.5948275862068966,122,860
Pforzheim,1,6546,53.2601626016260163,124,1253
Leverkusen,2,6486,104.4878472222222222,585,1830
Mülheim an der Ruhr,2,6452,170.8090452261306533,803,1411
Wetzlar,1,6439,120.2134146341463415,183,1227
Kempten (Allgäu),1,6346,37.3884514435695538,404,2425
Wolfsburg,1,6282,57.2739726027397260,147,2432
Salzgitter,1,6261,99.4050632911392405,160,2258
Goslar,2,6230,69.5031055900621118,167,1581
Nordhausen,3,6135,55.8150289017341040,175,1367
Rosenheim,1,6102,106.2666666666666667,77,892
Lüdenscheid,6,6095,64.5483870967741935,279,3166
Schweinfurt,1,6053,61.9391304347826087,116,1506
Gütersloh,6,6038,89.4192307692307692,261,2625
Eschweiler,6,5986,73.0113960113960114,351,1956
Amberg,1,5921,82.0568181818181818,91,1000
Pirna,2,5842,112.4261603375527426,237,1601
Stade,2,5824,57.1052631578947368,95,960
Straubing,1,5792,63.0325203252032520,123,1098
Reutlingen,1,5761,105.4761904761904762,128,1206
Neubrandenburg,1,5729,51.7977528089887640,89,980
Schwäbisch Hall,2,5710,52.2311111111111111,227,1884
Jülich,6,5698,63.9543568464730290,242,1608
Schwäbisch Gmünd,2,5681,60.7257142857142857,177,1645
Lindau (Bodensee),2,5662,115.0955056179775281,181,617
Kleve,6,5597,83.7431192660550459,111,1161
Halberstadt,3,5585,44.8493150684931507,75,719
Cheb,2,5583,40.4955752212389381,116,1079
Leer (Ostfriesland),2,5535,87.3829787234042553,141,1157
Zwickau,1,5491,81.8256880733944954,109,935
Recklinghausen,6,5414,108.9406779661016949,239,1163
Merseburg,3,5374,84.5471698113207547,111,779
Wolfenbüttel,2,5306,102.0937500000000000,195,743
Sigmaringen,2,5170,92.2521739130434783,117,1570
Cuxhaven,2,5147,314.8260869565217391,70,980
Norden (Ostfriesland),2,5139,80.3222222222222222,91,1271
Neuwied,5,5097,87.8522167487684729,204,1284
Friedrichshafen,1,5064,181.9182389937106918,161,1203
Lörrach,1,5048,182.8406113537117904,465,1679
Naumburg (Saale),3,5027,93.8461538461538462,135,894
Bad Kreuznach,2,4982,56.1712328767123288,151,1242
Dachau,2,4908,141.2075471698113208,112,1076
Wismar,2,4878,58.1518987341772152,79,841
Moers,6,4858,219.4946236559139785,281,1349
Hameln,3,4834,60.3301886792452830,108,1201
Esslingen am Neckar,2,4791,142.3591731266149871,399,1155
Oberstdorf,2,4784,32.4074074074074074,138,636
Rudolstadt,3,4783,76.2500000000000000,166,672
Kaufbeuren,1,4775,50.6705882352941176,91,665
Hemer,6,4708,83.9570957095709571,303,2046
Stendal,3,4603,30.6712328767123288,75,743
Ilmenau,2,4557,55.5795454545454545,177,1523
Saarlouis,2,4471,191.2941176470588235,172,2034
Unna,6,4433,79.1106382978723404,236,1325
Limburg an der Lahn,3,4365,88.3504672897196262,218,1171
Greiz,2,4325,54.1217391304347826,118,884
Viersen,6,4293,61.4440559440559441,871,2555
Landau in der Pfalz,3,4280,80.0833333333333333,144,1078
Landau in der Pfalz,5,4280,80.0833333333333333,144,1078
Rendsburg,2,4262,85.1973684210526316,78,902
Aue (Sachsen),2,4237,93.9939393939393939,165,837
Lemgo,6,4227,70.1695906432748538,171,1182
Heinsberg,6,4226,55.7500000000000000,233,2128
Wesel,6,4223,99.6065573770491803,123,1117
Freital,2,4195,296.3033586132177681,926,2077
Euskirchen,6,4182,43.5317073170731707,209,1400
Neustadt an der Weinstraße,5,4164,88.6875000000000000,177,770
Suhl,3,4118,58.1101694915254237,119,859
Sondershausen,2,4108,66.0506329113924051,82,812
Helmstedt,2,4072,62.2477876106194690,114,990
Gunzenhausen,2,4056,46.1174242424242424,269,2265
Kulmbach,3,4023,140.8989898989898990,100,738
Eckernförde,2,3990,42.2531645569620253,82,946
Bad Homburg vor der Höhe,2,3967,74.7380191693290735,323,826
Neustrelitz,2,3904,31.5285714285714286,70,795
Bensheim,2,3887,101.2032085561497326,191,1586
Pirmasens,2,3837,66.8571428571428571,98,632
Eberswalde,2,3834,100.1304347826086957,69,921
Zittau,2,3830,60.5655737704918033,122,878
Hattingen,6,3827,69.5340253748558247,871,1216
Roth,2,3814,78.2812500000000000,136,1127
Güstrow,2,3790,52.2291666666666667,49,563
Offenburg,1,3771,82.8405797101449275,69,594
Aalen,2,3748,97.6132075471698113,107,895
Arnstadt,2,3736,350.7469135802469136,165,781
Warburg,6,3722,48.7054263565891473,132,1314
Göppingen,2,3701,70.2702702702702703,111,1029
Friedberg (Hessen),3,3692,99.6549295774647887,144,801
Bingen am Rhein,2,3680,78.6861702127659574,193,673
Mühlhausen/Thüringen,3,3651,4966.5454545454545455,111,694
Rottweil,2,3647,59.9577464788732394,72,937
Neumünster,1,3644,28.3600000000000000,75,765
Rastatt,2,3642,103.8660714285714286,112,828
Schmallenberg,6,3641,65.3113772455089820,167,1427
Homburg,2,3640,82.4327485380116959,173,1756
Homburg,3,3640,82.4327485380116959,173,1756
Annaberg-Buchholz,2,3597,184.8703703703703704,109,537
Bad Honnef,6,3582,93.8393162393162393,586,1769
Bottrop,2,3575,174.5823045267489712,490,1019
Olpe,6,3567,42.5328467153284672,137,755
Frankenthal (Pfalz),2,3562,253.6531791907514451,353,692
Höxter,6,3543,99.5904761904761905,105,956
Cham (Oberpfalz),2,3520,58.9487179487179487,79,894
Sonneberg,2,3476,59.7380952380952381,126,861
Füssen,2,3469,74.2990654205607477,111,506
Radevormwald,6,3457,38.0411471321695761,803,2998
Husum,2,3454,75.2857142857142857,56,718
Bruchsal,2,3440,93.0000000000000000,88,787
Gummersbach,6,3341,39.9653465346534653,406,1526
Eilenburg,2,3319,49.2804878048780488,82,1120
Grimma,2,3293,38.9066666666666667,75,934
Prenzlau,2,3282,58.8400000000000000,26,351
Apolda,2,3278,48.7986111111111111,146,853
Brühl (Rheinland),6,3261,98.0089552238805970,337,988
Zweibrücken,3,3260,98.5641025641025641,158,535
Meschede,6,3246,66.3407079646017699,226,1363
Hilden,6,3194,108.3926940639269406,439,1145
Weilburg,2,3171,73.8504672897196262,125,979
Parchim,2,3168,31.9210526315789474,38,589
Königswinter,6,3165,185.2313003452243959,872,1860
Coesfeld,6,3161,71.4333333333333333,60,828
Lippstadt,6,3141,59.3855421686746988,84,626
Itzehoe,2,3124,49.8750000000000000,140,893
Neunkirchen (Saar),2,3115,64.9136363636363636,222,779
Siegburg,6,3113,101.2575000000000000,402,979
Northeim,2,3107,55.7849462365591398,93,860
Wernigerode,2,3091,29.8375000000000000,162,603
Stolberg (Rheinland),6,3086,87.3163538873994638,375,690
Weißenburg in Bayern,2,3081,56.9036144578313253,343,1604
Salzwedel,2,3073,33.6949152542372881,59,500
Villingen-Schwenningen,1,3071,45.9629629629629630,82,516
Rheine,6,3060,48.6000000000000000,75,705
Landsberg am Lech,2,3060,76.8333333333333333,85,508
Delmenhorst,3,3058,56.2200000000000000,101,515
Bad Hersfeld,3,3044,79.1595744680851064,94,724
Boppard,2,3026,124.7259259259259259,136,1115
Löbau,2,3005,48.7542372881355932,118,1044
Velbert,6,3003,46.2096774193548387,682,1503
Hürth,6,3002,444.3437967115097160,678,1554
Uelzen,2,2987,58.2873563218390805,87,681
Peine,2,2977,66.5617977528089888,90,1061
Werl,6,2975,44.5847953216374269,172,751
Deggendorf,1,2969,139.3780487804878049,82,577
Nördlingen,2,2969,49.2162162162162162,114,703
Neuruppin,2,2967,50.2448979591836735,50,557
Einbeck,2,2953,52.5447154471544715,123,1448
Schmalkalden,2,2951,65.1111111111111111,91,589
Kronach,2,2950,42.1090909090909091,124,913
Lübbecke,6,2942,71.5197740112994350,178,1315
Bocholt,6,2926,47.6666666666666667,60,782
Ludwigslust,2,2914,79.9534883720930233,43,470
Andernach,2,2911,93.5444444444444444,181,939
Büdingen,2,2902,70.0847457627118644,120,1017
Oranienburg,2,2901,122.0547945205479452,74,759
Erkelenz,6,2889,36.6797752808988764,357,1628
Weißenfels,2,2886,66.5454545454545455,77,484
Soltau,2,2860,62.0000000000000000,69,1030
Dillenburg,2,2855,100.8640776699029126,104,627
Bergheim,6,2822,57.3472803347280335,243,1513
Schneeberg (Erzgebirge),2,2822,103.5185185185185185,135,645
Riesa,2,2816,62.3857142857142857,71,617
Neumarkt in der Oberpfalz,1,2802,40.6666666666666667,82,521
Eutin,2,2799,30.9462365591397849,94,693
Tuttlingen,2,2795,69.0312500000000000,99,819
Nordhorn,3,2781,50.7413793103448276,60,1070
Gifhorn,2,2754,34.8923076923076923,65,801
Teltow,2,2728,182.4469178082191781,591,701
Holzminden,2,2716,125.8508771929824561,114,635
Hoyerswerda,1,2697,56.0000000000000000,55,436
Calw,2,2689,78.9529411764705882,87,617
Bad Tölz,2,2661,54.2093023255813953,88,335
Anklam,2,2656,60.1025641025641026,80,717
Alzey,2,2650,57.3529411764705882,120,895
Böblingen,2,2646,88.1397058823529412,137,650
Fritzlar,2,2641,92.8115942028985507,140,1112
Hildburghausen,2,2640,53.5658914728682171,133,560
Bad Reichenhall,2,2638,54.3607594936708861,160,847
Demmin,2,2624,52.5671641791044776,67,673
Neu-Ulm,1,2618,209.1945945945945946,372,1508
St. Wendel,2,2595,80.5700934579439252,107,689
Torgau,2,2590,29.5312500000000000,64,435
Lohmar,6,2561,76.3717277486910995,384,2158
Bad Dürkheim,2,2561,68.3299492385786802,198,870
Hechingen,2,2556,55.2072072072072072,112,715
Weinheim,2,2553,79.0662251655629139,152,646
Mayen,2,2546,76.6060606060606061,99,776
Ratingen,6,2542,206.8875000000000000,728,728
Grevenbroich,6,2542,49.7880184331797235,218,1046
Dillingen an der Donau,2,2534,62.8560606060606061,151,559
Traunstein,1,2533,70.7804878048780488,83,328
Geldern,6,2532,70.4098360655737705,61,661
Delitzsch,2,2528,45.5074626865671642,70,880
Erding,2,2524,49.9420289855072464,72,658
Singen (Hohentwiel),2,2516,58.8256880733944954,109,464
Hann. Münden,2,2512,176.2989690721649485,97,655
Biedenkopf,2,2510,86.4916666666666667,121,1030
Lich,2,2509,121.4545454545454545,133,681
Lichtenfels (Oberfranken),2,2502,74.7079646017699115,115,675
Biberach an der Riß,2,2476,74.0740740740740741,83,379
Heide (Holstein),2,2473,61.0370370370370370,54,429
Kitzingen,2,2468,71.1137724550898204,173,767
Meppen,2,2466,85.1911764705882353,68,683
Nienburg/Weser,2,2450,64.2535211267605634,73,445
Rinteln,2,2443,66.3618421052631579,154,809
Starnberg,2,2422,84.4504504504504505,112,554
Jever,2,2421,71.6132075471698113,106,683
Marl,6,2416,122.7189542483660131,155,584
Vechta,2,2416,66.5818181818181818,55,692
Jüterbog,2,2409,71.9333333333333333,45,479
Pinneberg,4,2397,90.4881889763779528,130,807
Günzburg,2,2396,68.2843137254901961,132,446
Menden (Sauerland),6,2393,89.0708955223880597,268,683
Germersheim,2,2392,90.4800000000000000,76,571
Mettmann,6,2388,76.3650442477876106,453,714
Borken,6,2384,107.8780487804878049,41,553
Aschersleben,2,2383,46.0000000000000000,61,398
Dorsten,6,2382,94.5000000000000000,115,620
Mosbach,2,2380,83.2166666666666667,122,766
Lingen (Ems),3,2378,44.6666666666666667,57,483
Lünen,6,2368,71.6232558139534884,216,752
Wertheim,2,2366,73.6382978723404255,94,872
Bückeburg,2,2366,157.7094339622641509,268,522
Tauberbischofsheim,2,2365,82.5441176470588235,68,692
Geilenkirchen,6,2364,54.8348623853211009,220,1452
Altena,6,2362,108.1631205673758865,282,670
Herborn,2,2362,108.8125000000000000,114,568
Lübben (Spreewald),2,2357,152.5500000000000000,41,328
Großenhain,2,2353,36.8607594936708861,79,608
Forchheim,2,2348,76.5744680851063830,95,522
Schwandorf,2,2342,45.5090909090909091,56,334
Gelnhausen,2,2340,94.4672897196261682,108,639
Bitburg,5,2336,52.0909090909090909,99,895
Donauwörth,2,2333,81.3777777777777778,92,525
Steinfurt,6,2326,56.8461538461538462,66,392
Diepholz,2,2312,34.5208333333333333,48,502
Freudenstadt,2,2306,100.0000000000000000,43,368
Radeberg,2,2302,96.4098360655737705,184,998
Balingen,2,2299,79.2842105263157895,95,700
Nidda,2,2299,70.0796460176991150,117,723
Ibbenbüren,6,2289,76.3444444444444444,91,955
Rothenburg ob der Tauber,2,2264,28.9811320754716981,159,540
Wipperfürth,6,2243,32.3333333333333333,727,1620
Bad Nauheim,3,2234,114.3928571428571429,169,553
Altenkirchen (Westerwald),2,2233,58.2857142857142857,140,1015
Burghausen,2,2228,115.1063829787234043,48,383
Merzig,2,2219,69.8191489361702128,95,578
Butzbach,2,2213,71.6560509554140127,157,936
Neuburg an der Donau,2,2212,54.5909090909090909,111,667
Braunau am Inn,2,2209,124.6779661016949153,59,219
Montabaur,5,2189,72.4056603773584906,106,870
Kamenz,2,2182,57.6388888888888889,72,507
Fürstenfeldbruck,2,2162,68.2045454545454545,90,516
Kelheim,2,2155,101.4528301886792453,53,395
Bernau bei Berlin,2,2150,74.4646464646464646,102,480
Osterode am Harz,2,2148,49.7586206896551724,117,612
Heidenheim an der Brenz,2,2147,56.3246753246753247,78,323
Sinsheim,2,2141,66.3294117647058824,170,829
Spremberg,2,2138,53.1489361702127660,47,366
Erbach (Odenwald),2,2134,147.7053571428571429,114,578
Schwabach,3,2124,49.5652173913043478,118,479
Donaueschingen,2,2119,82.7833333333333333,61,415
Nürtingen,2,2111,82.4393939393939394,135,578
Dinkelsbühl,2,2110,25.9743589743589744,197,861
Melle,2,2110,47.6071428571428571,57,683
Guben,2,2106,57.6363636363636364,22,189
Langenfeld (Rheinland),6,2100,115.4301801801801802,446,1107
Crailsheim,2,2089,39.8730158730158730,63,321
Winterberg,6,2082,27.8412017167381974,235,644
Beeskow,2,2069,136.3571428571428571,42,674
Weiden in der Oberpfalz,1,2066,58.7882352941176471,85,243
Schwerte,6,2065,204.9662447257383966,479,600
Xanten,6,2060,49.8829787234042553,94,596
Prüm,2,2060,52.1625000000000000,80,582
Döbeln,2,2059,64.0540540540540541,74,376
Dieburg,2,2056,88.1595744680851064,95,698
Gladbeck,6,2052,119.1423076923076923,262,754
Rottenburg am Neckar,2,2045,57.7973856209150327,154,660
Idar-Oberstein,5,2040,42.2268041237113402,97,409
Rathenow,2,2039,96.1333333333333333,30,295
Lüchow (Wendland),2,2038,63.2142857142857143,85,838
Bernburg (Saale),2,2021,74.6067415730337079,89,383
Warendorf,6,2018,83.3191489361702128,47,354
Borna,2,2004,83.5454545454545455,88,758
Elmshorn,2,1999,86.2924528301886792,107,528
Büren (Westfalen),6,1998,56.0396039603960396,101,840
Weingarten (Württemberg),1,1989,151.6869565217391304,116,437
Backnang,2,1988,90.6708860759493671,80,443
Idstein,2,1987,68.9696969696969697,136,819
Leonberg,2,1984,83.3239436619718310,147,503
Miltenberg,2,1983,69.4495412844036697,111,625
Altötting,2,1982,79.8055555555555556,77,351
Syke,2,1974,64.9729729729729730,76,797
Bad Oeynhausen,6,1963,65.7661290322580645,249,738
Aichach,2,1961,59.5376344086021505,95,805
Schwarzenberg/Erzgeb.,2,1959,91.4157303370786517,179,629
Heilbad Heiligenstadt,2,1957,83.0084745762711864,119,400
Marienberg,2,1955,66.0943396226415094,107,512
Emmerich am Rhein,6,1950,123.3333333333333333,94,283
Mindelheim,2,1948,39.6614583333333333,210,842
Schwedt/Oder,2,1945,41.2962962962962963,27,135
Oppenheim,5,1945,59.5535714285714286,112,414
Dinslaken,6,1942,90.8201058201058201,191,609
Friedberg (Bayern),2,1939,144.7103004291845494,478,626
Heppenheim (Bergstraße),2,1936,131.8097826086956522,187,652
Ahlen,6,1934,64.2888888888888889,92,342
St. Ingbert,2,1932,148.7192982456140351,287,623
Clausthal-Zellerfeld,2,1929,87.4060150375939850,133,613
Halle (Westf.),6,1926,70.5850340136054422,148,587
Sangerhausen,2,1920,58.7088607594936709,79,360
Ehingen (Donau),2,1917,68.3650793650793651,63,481
Marsberg,6,1915,43.6760563380281690,143,954
Neckarsulm,2,1912,127.1837916063675832,697,785
Bad Salzuflen,6,1904,98.8167330677290837,252,779
Staßfurt,2,1899,56.8281250000000000,66,764
Zeitz,2,1896,43.0000000000000000,69,197
Bietigheim-Bissingen,2,1895,140.1440000000000000,252,541
Sulzbach-Rosenberg,2,1889,134.3750000000000000,85,230
Eitorf,6,1886,30.4277456647398844,350,1052
Kehl,2,1878,271.2478632478632479,117,494
Dessau-Roßlau,1,1875,180.6181818181818182,111,479
Burg (bei Magdeburg),2,1873,36.6491228070175439,61,193
Eschwege,2,1869,69.6638655462184874,120,611
Lahr/Schwarzwald,2,1865,54.2745098039215686,51,303
Bad Mergentheim,2,1862,75.1290322580645161,62,353
Sindelfingen,2,1861,96.0821917808219178,149,455
Korbach,2,1849,89.0114942528735632,88,591
Luckenwalde,2,1849,95.8787878787878788,33,243
Nauen,2,1845,66.7500000000000000,32,381
Schorndorf,2,1837,57.7901234567901235,81,502
Bad Laasphe,6,1832,72.3153846153846154,130,656
Fürstenwalde/Spree,2,1826,55.4375000000000000,49,253
Strausberg,2,1814,270.5762711864406780,59,402
Cloppenburg,2,1811,31.6444444444444444,46,440
Alsfeld,2,1809,37.1341463414634146,87,769
Wolgast,2,1808,62.5500000000000000,80,558
Bad Berleburg,6,1808,104.1710526315789474,76,515
Köthen (Anhalt),2,1806,60.6666666666666667,54,220
Bad Wildungen,2,1806,77.6442307692307692,105,454
Simmern/Hunsrück,5,1801,949.8659793814432990,98,537
Cochem,5,1799,53.1523809523809524,106,493
Königstein im Taunus,2,1793,101.7528957528957529,261,427
Monschau,6,1787,46.6666666666666667,57,527
Ebersberg,2,1785,56.2209302325581395,87,615
Regen (Stadt),2,1781,144.7818181818181818,56,277
Castrop-Rauxel,6,1779,67.7925764192139738,469,548
Bünde,6,1775,72.2163461538461538,209,815
Templin,2,1761,96.7586206896551724,29,443
Frankenberg (Eder),2,1758,61.2535211267605634,71,492
Bogen (Stadt),2,1757,77.3596059113300493,203,589
Kempen,6,1754,87.1111111111111111,92,514
Schongau,2,1747,62.8545454545454545,55,358
Schleiz,2,1740,69.3636363636363636,94,405
Rüsselsheim am Main,3,1735,287.4588744588744589,233,169
Herrenberg,2,1734,55.1250000000000000,81,428
Saarburg,2,1724,58.5945945945945946,75,487
Warstein,6,1720,55.2375000000000000,160,646
Springe,2,1699,58.7166666666666667,121,559
Verden (Aller),2,1699,80.8461538461538462,92,420
Lage (Lippe),6,1693,128.4293333333333333,375,765
Erftstadt,6,1687,93.8626760563380282,290,1056
Korschenbroich,6,1682,45.7972270363951473,1168,1360
Attendorn,6,1677,60.2426035502958580,169,785
Kusel,5,1675,75.8288288288288288,112,575
Oschatz,2,1674,62.5882352941176471,35,424
Waldshut-Tiengen,2,1669,99.1386861313868613,138,414
Meerbusch,6,1667,202.4532019704433498,826,674
Mühldorf am Inn,2,1664,95.8870967741935484,65,290
Remagen,5,1663,90.1416184971098266,347,682
Herten,6,1663,157.9743589743589744,278,500
Bad Salzungen,2,1659,69.4655172413793103,175,717
Dülmen,6,1650,40.2916666666666667,48,455
Wittmund,2,1641,77.8518518518518519,108,574
Engelskirchen,6,1640,40.1285046728971963,429,1129
Bühl (Baden),2,1638,88.5750000000000000,83,354
Buxtehude,2,1635,88.2592592592592593,82,333
Wittlich,2,1629,64.4705882352941176,69,459
Dippoldiswalde,2,1620,71.1788617886178862,123,643
Kamen,6,1619,87.6548672566371681,229,488
Duderstadt,2,1616,46.0000000000000000,87,580
Papenburg,2,1616,49.4776119402985075,67,391
Ahrensburg,4,1613,75.8400000000000000,125,383
Pfullendorf,2,1607,66.8037383177570093,107,586
Bremervörde,2,1606,42.5000000000000000,50,577
Königs Wusterhausen,2,1605,65.8804347826086957,92,613
Selb,2,1605,38.3846153846153846,105,393
Dillingen/Saar,2,1595,212.4131736526946108,169,932
Daun,2,1589,53.3711340206185567,97,584
Grünstadt,2,1589,70.4419642857142857,225,484
Petershagen,6,1587,49.3076923076923077,117,624
Rotenburg (Wümme),2,1586,44.7894736842105263,38,340
Haldensleben,2,1585,61.0000000000000000,82,468
Forst (Lausitz),2,1584,108.3333333333333333,24,107
Wurzen,2,1581,63.1315789473684211,38,245
Hennef (Sieg),6,1578,64.2531017369727047,405,936
Ettlingen,2,1578,295.1237458193979933,302,377
Frechen,6,1576,102.8909465020576132,494,550
Schwelm,6,1573,83.9977401129943503,888,611
Dormagen,6,1569,136.6337448559670782,245,610
Groß-Gerau,2,1566,190.0421052631578947,96,479
Schönebeck (Elbe),3,1563,30.2709359605911330,208,432
Bad Langensalza,2,1555,35.7066666666666667,75,356
Ingelheim am Rhein,2,1553,83.2476190476190476,212,483
Homberg (Efze),2,1547,86.8507462686567164,135,420
Rietberg,6,1546,64.7589285714285714,113,659
Troisdorf,6,1541,279.0254629629629630,436,469
Horn-Bad Meinberg,6,1539,124.8819444444444444,290,663
Miesbach,2,1536,95.0246913580246914,84,223
Birkenfeld (Nahe),5,1534,51.1948051948051948,77,257
Porta Westfalica (Stadt),6,1531,133.4017341040462428,349,918
Pasewalk,2,1528,31.6025641025641026,78,554
Lutherstadt Eisleben,2,1523,70.6136363636363636,91,294
Bad Segeberg,2,1522,31.4347826086956522,69,304
Hachenburg,5,1521,48.9572649572649573,117,530
Rheinberg,6,1519,85.6381578947368421,153,553
Lennestadt,6,1518,78.1194029850746269,201,909
Münchberg,2,1515,54.4705882352941176,106,536
Vlotho,6,1507,65.9411764705882353,221,805
Burgdorf (Region Hannover),2,1506,74.2542372881355932,59,569
Bretten,2,1505,72.3645833333333333,97,329
Waiblingen,2,1504,153.6073619631901840,335,424
Wadern,2,1503,45.5131578947368421,78,646
Diez,2,1499,93.9704433497536946,206,667
Lehrte,2,1498,57.0200000000000000,101,476
Tirschenreuth,2,1495,70.2394366197183099,74,480
Bad Doberan,2,1488,56.3134328358208955,67,514
Eberbach,2,1487,48.6363636363636364,100,423
Horb am Neckar,2,1486,48.5394736842105263,78,351
Usingen,2,1478,47.4545454545454545,183,560
Eisenberg (Thüringen),2,1477,37.3587786259541985,134,432
Goch,6,1467,48.5882352941176471,69,583
Bad Harzburg,2,1458,96.4390243902439024,170,434
Glauchau,2,1456,90.5882352941176471,68,245
Pegnitz (Stadt),2,1452,42.7272727272727273,77,300
Lauterbach (Hessen),2,1447,77.2878787878787879,73,524
Bad Pyrmont,2,1444,47.8309859154929577,72,198
Langenhagen,3,1443,187.0755395683453237,844,446
Weilheim in Oberbayern,2,1442,76.8684210526315789,76,175
Laubach,2,1441,793.3207547169811321,107,488
Uslar,2,1440,75.0724637681159420,70,682
Haan,6,1440,82.7496087636932707,643,629
Künzelsau,2,1436,68.5684210526315789,95,532
Neustadt am Rübenberge,2,1433,62.2318840579710145,70,432
Alsdorf,6,1433,96.7734375000000000,258,632
Schramberg,2,1428,51.4324324324324324,77,392
Hammelburg,2,1422,39.5483870967741935,93,589
Plettenberg,6,1418,56.1986301369863014,147,417
Mittweida,2,1416,92.6304347826086957,46,413
Rüdesheim am Rhein,2,1415,100.0000000000000000,200,342
Kirchheim unter Teck,2,1409,87.3384615384615385,132,284
Bad Windsheim,2,1408,49.0327868852459016,61,242
Ellwangen (Jagst),2,1396,68.8923076923076923,66,372
Grünberg (Hessen),2,1394,710.7851239669421488,122,624
Kerpen,6,1394,62.8797250859106529,299,619
Münsingen (Württemberg),2,1390,36.3076923076923077,66,375
Blieskastel,2,1385,76.8895027624309392,183,625
Leutkirch im Allgäu,2,1383,31.6388888888888889,76,282
Bernkastel-Kues,5,1383,79.2589285714285714,116,337
Schwetzingen,2,1378,103.7838983050847458,270,421
Schlüchtern,2,1378,43.6078431372549020,103,692
Schleiden,6,1377,59.7132867132867133,144,474
Tegernsee (Stadt),2,1365,86.1359223300970874,106,498
Bad Arolsen,2,1362,45.4823529411764706,86,327
Sömmerda,2,1361,67.0129870129870130,80,345
Ennepetal,6,1361,45.6310272536687631,480,705
Bergkamen,6,1357,102.5211267605633803,216,542
Beckum,6,1357,58.4339622641509434,53,343
Walsrode,2,1355,65.0476190476190476,64,527
Rheinfelden (Baden),2,1353,63.0268817204301075,187,511
Varel,2,1347,39.0000000000000000,57,432
Sprockhövel,6,1332,60.9824797843665768,743,821
Eisenhüttenstadt,2,1330,94.3571428571428571,28,148
Hennigsdorf,2,1327,116.2718446601941748,209,257
Sundern (Sauerland),6,1321,91.6695652173913043,230,463
Stadthagen,2,1320,72.8611111111111111,72,449
Kreuztal,6,1319,66.7245508982035928,167,496
Michelstadt,2,1317,71.3000000000000000,112,503
Coswig (Sachsen),2,1313,272.7074468085106383,1152,456
Quakenbrück,2,1311,45.4750000000000000,40,229
Datteln,6,1309,58.2677165354330709,129,451
Ahaus,6,1307,52.6250000000000000,40,280
Blomberg,6,1304,79.5438596491228070,115,486
Bad Gandersheim,2,1301,54.3232323232323232,99,360
Alzenau,2,1291,60.9843750000000000,261,789
Grafenau (Niederbayern),2,1290,76.4629629629629630,55,323
Kevelaer,6,1285,96.1500000000000000,61,254
Völklingen,2,1283,70.2800000000000000,179,364
Bebra,2,1282,58.2987012987012987,78,444
Borken (Hessen),2,1277,94.4131736526946108,168,794
Oberursel (Taunus),2,1274,107.7388392857142857,459,393
Herzogenrath,6,1274,76.5017301038062284,291,459
Fellbach,2,1269,308.3495440729483283,676,276
Wangen im Allgäu,2,1268,50.9875000000000000,84,301
Murnau am Staffelsee,2,1267,62.7916666666666667,49,150
Sonthofen,2,1264,71.0952380952380952,112,264
Wegberg,6,1263,58.5534246575342466,368,913
Finsterwalde,2,1261,62.5161290322580645,31,144
Langen (Hessen),2,1257,129.5714285714285714,122,256
Bad Waldsee,2,1257,40.8103448275862069,58,199
Nagold (Stadt),2,1256,51.5921052631578947,76,259
Groß-Umstadt,2,1252,91.1206896551724138,117,610
Rheinbach,6,1242,87.5704697986577181,149,498
Gladenbach,2,1240,55.2049180327868852,123,539
Weil am Rhein,1,1240,184.7861507128309572,499,471
Haltern am See,6,1239,45.6714285714285714,70,333
Brake (Unterweser),2,1238,95.7750000000000000,40,184
Gronau (Westf.),6,1231,30.8518518518518519,27,174
Blaubeuren,2,1230,61.5882352941176471,69,355
Dingolfing,2,1227,71.6097560975609756,43,429
Bad Vilbel,2,1225,227.0281973816717019,1005,372
Geseke,6,1222,54.2236842105263158,77,297
Meinerzhagen,6,1220,32.6401869158878505,214,324
Seligenstadt,2,1219,76.7074468085106383,194,345
Munster (Örtze),2,1218,46.1578947368421053,19,279
Albstadt,2,1215,75.9213483146067416,91,520
Markkleeberg,2,1212,332.8616144975288303,615,459
Bornheim (Rheinland),6,1209,293.3714285714285714,422,576
Norderstedt,4,1208,90.5533333333333333,154,254
Lohr am Main,2,1206,54.6333333333333333,90,424
Werne,6,1201,100.6250000000000000,155,348
Mechernich,6,1200,50.3063583815028902,176,664
Bedburg,6,1198,74.7252252252252252,225,442
Bad Säckingen,2,1198,66.7109375000000000,128,459
Mölln,2,1198,88.0112359550561798,90,273
Lorsch,2,1197,128.1920529801324503,154,437
Emmendingen,2,1196,98.6956521739130435,92,283
Lüdinghausen,6,1196,69.7818181818181818,55,250
Laupheim,2,1195,63.0579710144927536,70,330
Alfeld (Leine),2,1195,48.1919191919191919,100,464
Müllheim (Baden),2,1187,67.0659340659340659,93,402
Kronberg im Taunus,2,1186,118.1307506053268765,417,349
Bad Aibling,2,1186,123.4255319148936170,96,310
Krumbach (Schwaben),2,1185,42.1532258064516129,130,485
Hofgeismar,2,1182,59.0405405405405405,75,485
Neustadt an der Aisch,2,1179,42.3636363636363636,56,201
Vaihingen an der Enz,2,1177,100.8529411764705882,137,357
Linz am Rhein,2,1176,82.6642066420664207,272,443
Brakel,6,1172,75.4666666666666667,75,464
Hagenow,2,1169,63.3333333333333333,30,314
Wiesloch,2,1168,85.3832335329341317,167,538
Bad Ems,2,1167,224.0987341772151899,396,299
Schopfheim,2,1165,49.1376811594202899,138,474
Pulheim,6,1161,85.2712765957446809,193,418
Bad Saulgau,2,1159,77.4307692307692308,65,358
Buchen (Odenwald),2,1155,59.0000000000000000,59,279
Herdecke,6,1150,75.3689320388349515,620,595
Werdau,2,1145,110.4285714285714286,113,235
Eggenfelden,2,1144,73.4166666666666667,51,261
Riedlingen,2,1142,51.2054794520547945,74,274
Hersbruck,2,1138,49.0645161290322581,189,319
Hungen,2,1137,117.5681818181818182,136,472
Wunsiedel,3,1135,39.0935251798561151,143,307
Crimmitschau,2,1134,77.2527472527472527,91,254
Geisenheim,2,1133,101.5424528301886792,215,485
Löhne,6,1132,105.9009900990099010,305,579
Reichenbach im Vogtland,2,1127,117.1851851851851852,83,121
Bad Oldesloe,2,1123,46.5882352941176471,52,184
Gerolstein,2,1122,79.6031746031746032,63,185
Geislingen an der Steige,2,1117,44.4939759036144578,87,210
Ludwigsfelde,2,1115,102.7536231884057971,70,397
Lauf an der Pegnitz,2,1113,54.4939024390243902,165,460
Kirn,5,1112,50.8695652173913043,92,498
Konz,5,1101,228.5836431226765799,274,452
Pfaffenhofen an der Ilm,2,1101,52.5172413793103448,60,318
Stollberg/Erzgeb.,2,1093,73.9220779220779221,77,257
Barsinghausen,2,1088,66.1086956521739130,139,448
Baunatal,2,1085,220.7564469914040115,354,363
Marktredwitz,3,1083,39.5000000000000000,130,257
Geesthacht,4,1081,67.2916666666666667,72,400
Hünfeld,2,1081,35.2063492063492063,63,412
Bad Driburg,6,1080,73.5952380952380952,84,568
Brunsbüttel,2,1076,42.3428571428571429,35,177
Schrobenhausen,2,1075,45.9729729729729730,37,189
Freyung,2,1074,68.3773584905660377,54,307
Osterholz-Scharmbeck,2,1064,70.2261904761904762,84,391
Kaarst,6,1063,84.2207792207792208,391,453
Leichlingen (Rheinland),6,1058,123.0952380952380952,492,881
Stockach,2,1058,54.2280701754385965,57,179
Bad Lobenstein,2,1057,68.1132075471698113,106,206
Wedel,4,1047,94.2713178294573643,130,259
Kirchhain,2,1044,59.3771929824561404,118,464
Achim (Landkreis Verden),2,1041,48.9764705882352941,86,290
Abensberg,2,1030,76.6885245901639344,62,369
Dreieich,2,1030,109.1207547169811321,269,406
Schwalmstadt,2,1022,66.9504950495049505,102,408
Neustadt bei Coburg,2,1019,66.0730337078651685,179,420
Freilassing,2,1014,219.3196125907990315,427,242
Bad Neuenahr-Ahrweiler,5,1011,81.9683257918552036,221,538
Wolfratshausen,2,1008,55.1882352941176471,173,235
Haiger,2,998,114.0847457627118644,119,424
Sankt Augustin,6,991,222.8690012970168612,773,414
Seesen,2,987,45.5466666666666667,75,233
Melsungen,2,987,65.7211538461538462,104,359
Hofheim am Taunus,2,985,115.1181102362204724,254,364
Waren (Müritz),2,983,35.4035087719298246,58,106
Kyritz,2,979,71.4482758620689655,29,189
Schifferstadt,5,978,190.4074074074074074,165,258
Gernsbach,2,978,142.2440944881889764,129,261
Greven,6,973,57.4200000000000000,50,163
Bramsche,2,972,78.8571428571428571,56,265
Betzdorf,5,971,69.3289473684210526,152,311
Bad Zwischenahn,2,968,64.1016949152542373,60,535
Bergen auf Rügen,2,967,162.7530864197530864,81,292
Schmölln,2,964,54.8080808080808081,198,398
Adenau,5,961,169.0960000000000000,127,457
Waldkirch,2,961,127.9454545454545455,56,277
Monheim am Rhein,6,961,136.5000000000000000,356,308
Mühlacker,2,960,81.2592592592592593,82,315
Landstuhl,5,959,82.6811594202898551,71,205
Steinheim (Westfalen),6,956,85.7938931297709924,131,286
Ribnitz-Damgarten,2,949,61.8611111111111111,36,172
Bad Soden am Taunus,2,949,105.7307692307692308,392,309
Kirchheimbolanden,5,948,59.6693548387096774,124,348
Domažlice,2,947,31.4772727272727273,45,304
Wermelskirchen,6,943,68.0645645645645646,675,397
Dahn,2,943,58.5135135135135135,112,416
Neunkirchen (Siegerland),6,942,113.3690476190476190,252,636
Moosburg an der Isar,2,942,52.0540540540540541,75,231
Gevelsberg,6,939,51.1372549019607843,512,305
Breisach am Rhein,2,938,42.3780487804878049,83,303
Nordenham,2,931,278.6357142857142857,141,241
Achern,2,928,79.3030303030303030,68,327
Neu-Isenburg,2,927,239.9893955461293743,953,246
Friedrichsdorf,2,925,78.4541666666666667,249,245
Oelde,6,925,56.0491803278688525,61,268
Eltville am Rhein,2,923,164.5437500000000000,325,291
Selm,6,922,75.7310924369747899,120,357
Wasserburg am Inn,2,920,77.6250000000000000,49,97
Weißwasser/Oberlausitz,2,919,91.8679245283018868,53,130
Teterow,2,919,37.6578947368421053,38,273
Pfarrkirchen,2,917,95.7142857142857143,42,146
Zerbst/Anhalt,2,916,25.5357142857142857,29,115
Lauscha,2,912,72.4017094017094017,117,314
Willich,6,912,88.8198198198198198,336,590
Lahnstein,5,904,213.4143518518518519,433,341
Bad Belzig,2,902,133.4375000000000000,32,247
Rheda-Wiedenbrück,6,894,92.6208791208791209,182,408
Delbrück,6,888,79.2976190476190476,84,401
Karlstadt,2,887,72.5245901639344262,65,333
Lebach,2,879,246.9139784946236559,93,299
Zossen,2,878,94.3454545454545455,55,264
Herzberg (Elster),2,878,67.1914893617021277,48,254
Marktoberdorf,2,873,78.7708333333333333,51,188
Laatzen,2,873,188.4603365384615385,844,418
Grevesmühlen,2,870,57.0000000000000000,62,277
Erkrath,6,870,218.0389294403892944,831,469
Wetter (Ruhr),6,869,75.9190839694656489,657,397
Titisee-Neustadt,2,865,103.5090909090909091,55,254
Auerbach/Vogtl.,2,863,85.1290322580645161,62,93
Ueckermünde,2,862,176.0000000000000000,28,199
Grimmen,2,861,31.8666666666666667,30,175
Rodgau,2,861,112.8382352941176471,141,325
Lohne (Oldenburg),2,856,108.2962962962962963,54,240
Sinzig,5,856,80.6113537117903930,229,274
Meisenheim,5,852,99.5794392523364486,107,208
Wörth am Rhein,5,851,124.1888888888888889,90,256
Gaggenau,2,848,141.3211678832116788,139,198
Kornwestheim,2,842,345.0500000000000000,593,265
Lengerich (Westfalen),6,841,92.9090909090909091,55,180
Rotenburg an der Fulda,2,841,56.4512195121951220,82,266
Marktheidenfeld,2,840,50.7327586206896552,117,369
Eschborn,2,839,216.4542910447761194,1081,315
Westerburg,5,837,68.9927536231884058,138,313
Lampertheim,2,837,270.8000000000000000,158,325
Pößneck,2,835,37.5081967213114754,123,181
Bad Bergzabern,2,834,80.8653846153846154,104,238
Niesky,2,833,99.6304347826086957,46,182
Wesseling,6,831,119.9365558912386707,335,285
Lauterecken,5,830,68.1574074074074074,108,382
Hückelhoven,6,828,78.7482517482517483,287,445
Falkensee,2,827,227.2034883720930233,172,244
Waldsassen,2,817,33.8715596330275229,112,218
Bad Wildbad,2,814,40.5400000000000000,52,164
Annweiler am Trifels,5,813,61.9166666666666667,147,386
Edenkoben,5,811,113.9175257731958763,194,278
Kamp-Lintfort,6,811,151.3523809523809524,105,224
Radolfzell am Bodensee,2,810,73.7857142857142857,112,141
Vilsbiburg,2,809,80.0333333333333333,30,52
Westerstede,2,807,59.3620689655172414,59,385
Wunstorf,2,806,71.6947368421052632,95,276
Battenberg (Eder),2,806,44.7611940298507463,67,229
Penzberg,2,802,65.8205128205128205,79,120
Ochsenfurt,2,800,86.3263157894736842,102,296
Traben-Trarbach,5,799,82.2641509433962264,110,276
Waldbröl,6,792,28.1319018404907975,330,302
Emsdetten,6,791,105.9714285714285714,35,145
Bad Freienwalde (Oder),2,788,52.8987341772151899,79,253
Georgsmarienhütte,2,788,181.3131868131868132,183,277
Bad Wörishofen,2,781,48.1478873239436620,155,266
Immenstadt im Allgäu,2,776,86.4342105263157895,88,206
Bad Schwalbach,2,775,66.0000000000000000,111,291
Schkeuditz,2,774,57.7049180327868852,127,280
Witzenhausen,2,773,49.9747899159663866,119,345
Wülfrath,6,771,75.2453653217011996,918,382
Nettetal,6,768,78.5000000000000000,101,331
Sontra,2,762,50.0126582278481013,79,413
Garbsen,2,760,63.5325443786982249,341,343
Hohenstein-Ernstthal,2,756,92.8809523809523810,84,144
Grafing bei München,2,750,68.0340909090909091,89,357
Plattling,1,749,149.5245901639344262,61,136
Hessisch Lichtenau,2,748,61.5810810810810811,74,321
Lübbenau/Spreewald,2,745,123.8450704225352113,72,243
Viechtach,2,733,52.6744186046511628,43,73
Oelsnitz/Vogtl.,2,723,145.5625000000000000,97,118
Wolfach,2,723,80.8714285714285714,71,265
Espelkamp,6,720,93.2343750000000000,129,422
Burglengenfeld,2,719,52.9600000000000000,50,171
Staufen im Breisgau,2,719,79.9886363636363636,93,157
Heiligenhaus,6,717,76.3202614379084967,308,241
Bendorf,5,716,201.8368298368298368,429,240
Besigheim,2,715,108.2166666666666667,182,233
Buchholz in der Nordheide,2,713,67.8307692307692308,66,196
Wildeshausen,2,710,22.4019607843137255,102,203
Simbach am Inn,2,706,154.8653846153846154,52,65
Hermeskeil,2,704,49.4558823529411765,69,203
Sulingen,2,703,87.5555555555555556,45,208
Stadtroda,2,702,46.4525139664804469,185,218
Würselen,6,699,187.0594405594405594,576,187
Beverungen,6,698,88.1807228915662651,83,291
Stadtallendorf,2,694,68.3780487804878049,86,139
Kastellaun,5,694,148.5057471264367816,87,202
Oschersleben (Bode),2,690,51.1774193548387097,66,263
Herzogenaurach,2,686,191.0320000000000000,138,174
Griesheim,2,685,156.8194842406876791,365,231
Bad Blankenburg,3,684,102.5222222222222222,181,192
Öhringen,2,682,85.8165137614678899,109,173
Bad Brückenau,2,678,39.9000000000000000,90,153
Bad Orb,2,676,65.6900000000000000,100,211
Haßfurt,2,673,91.7384615384615385,65,174
Furth im Wald,2,668,48.9473684210526316,39,132
Eisenberg (Pfalz),5,665,67.5976331360946746,170,213
Gerolzhofen,2,663,52.8468468468468468,113,205
Trostberg,2,663,82.7333333333333333,61,67
Lauingen (Donau),2,662,85.0468750000000000,147,338
Werdohl,6,660,75.5238095238095238,169,202
Metzingen,2,660,119.6527777777777778,147,174
Viernheim,2,659,82.8392857142857143,283,122
Kandel (Pfalz),5,655,111.6935483870967742,62,140
Naila,2,655,73.4090909090909091,132,218
Friesoythe,2,655,25.2727272727272727,33,254
Dierdorf,5,654,58.1139240506329114,80,245
Gößnitz (Thüringen),2,652,58.1927710843373494,166,234
Illertissen,2,651,63.5540540540540541,74,201
Barntrup,6,649,64.6190476190476190,127,204
Heusenstamm,2,648,116.0532915360501567,323,212
Seelow,2,647,63.4102564102564103,40,164
Wolfhagen,2,645,46.3804347826086957,93,288
Wittingen,2,640,37.3181818181818182,44,201
Lößnitz (Erzgebirge),2,639,119.9935483870967742,155,266
Kirchen (Sieg),5,633,62.1337209302325581,173,205
Baumholder,5,625,39.2236842105263158,76,221
Vreden,6,622,46.9629629629629630,28,179
Bad Nenndorf,2,615,60.2621359223300971,104,321
Neuhaus am Rennweg,2,610,66.1052631578947368,133,208
Walldorf (Baden),2,609,112.8012820512820513,188,147
Waltrop,6,606,79.5467980295566502,207,172
Stadtlohn,6,600,85.9393939393939394,33,91
Vilshofen an der Donau,2,599,62.2131147540983607,62,92
Vallendar,5,597,214.0328638497652582,426,155
Erkner,2,597,106.0204081632653061,99,158
Sarstedt,2,596,75.3138686131386861,138,276
Limbach-Oberfrohna,2,595,89.5312500000000000,96,165
Winsen (Luhe),2,592,116.4193548387096774,63,131
Hochheim am Main,2,590,288.8505050505050505,500,217
Kirchberg (Hunsrück),5,585,818.4122807017543860,115,299
Bad Schlema,2,584,133.2714285714285714,140,135
Bad Neustadt an der Saale,2,582,61.4285714285714286,100,177
Landau an der Isar,2,577,281.0370370370370370,28,112
Dietzenbach,2,573,118.3706896551724138,117,168
Schwabmünchen,2,570,40.2166666666666667,61,140
Hermsdorf (Thüringen),2,567,55.6028368794326241,145,202
Kaltenkirchen,2,566,36.1363636363636364,44,141
Flörsheim am Main,2,562,384.6012658227848101,160,180
Parsberg,2,562,43.0697674418604651,43,127
Pocking,2,561,71.2244897959183673,50,55
Überlingen,2,559,63.5038167938931298,132,117
Oer-Erkenschwick,6,558,112.2797202797202797,144,168
Stuhr,2,556,257.1023622047244094,513,192
Bad Sobernheim,5,549,107.9890109890109890,91,177
Zwiesel,2,548,89.0142857142857143,71,100
Mainburg,2,545,82.1200000000000000,26,130
Rastede,2,544,27.2040816326530612,49,179
Gmund am Tegernsee,2,541,103.2934782608695652,94,157
Maintal,2,536,139.9121140142517815,427,187
Haslach im Kinzigtal,2,535,76.0400000000000000,50,83
Ochtrup,6,535,53.8846153846153846,26,84
Neukirchen-Vluyn,6,532,128.5271317829457364,131,151
Hamminkeln,6,531,150.8777777777777778,90,230
Sankt Goar,5,531,68.3928571428571429,113,200
Pfungstadt,2,528,143.1764705882352941,375,146
Rockenhausen,5,526,61.7857142857142857,98,231
Rottach-Egern,2,522,92.7904761904761905,108,116
Wissen (Stadt),5,522,60.2562500000000000,162,146
Obernburg am Main,2,520,66.2051282051282051,117,191
Bad Wiessee,2,519,90.7608695652173913,94,82
Kelkheim (Taunus),2,518,110.3036303630363036,305,254
Bad Kötzting,2,512,53.8478260869565217,46,104
Zell (Mosel),5,509,64.8953488372093023,86,135
Peiting,2,507,113.5000000000000000,64,115
Traunreut,2,507,86.0128205128205128,78,147
Baesweiler,6,503,76.8645418326693227,252,179
Nierstein,5,489,70.5865384615384615,104,172
Schwalmtal (Niederrhein),6,483,68.9369747899159664,239,231
Leinefelde-Worbis,2,478,115.1134020618556701,98,208
Neuötting,2,478,107.5844155844155844,82,68
Seevetal,2,475,128.4175824175824176,91,187
Geretsried,2,473,46.5984251968503937,128,100
Neuerburg,5,472,64.7922077922077922,77,121
Germering,2,463,82.9191489361702128,250,109
Zella-Mehlis,3,458,127.8495575221238938,114,58
Haßloch,5,458,134.3740458015267176,131,74
Bitterfeld-Wolfen,3,457,89.4558823529411765,68,177
Taunusstein,2,456,201.9713114754098361,249,249
Tönisvorst,6,455,164.5789473684210526,212,172
Heringen (Werra),2,450,61.2328767123287671,147,187
Voerde (Niederrhein),6,448,146.5209580838323353,168,216
Herxheim bei Landau/Pfalz,5,447,132.1734693877551020,98,134
Bad Krozingen,2,443,68.3877551020408163,105,184
Niederkassel,6,433,109.2451612903225806,314,164
Bürstadt,2,431,173.2777777777777778,148,166
Wächtersbach,2,426,110.7075471698113208,107,139
Leipheim,2,419,73.1979166666666667,110,145
Nieder-Olm,5,418,260.5833333333333333,132,183
Höhr-Grenzhausen,5,414,139.6615969581749049,263,110
Mühlheim am Main,2,411,136.8298755186721992,490,131
Lichtenstein/Sa.,2,407,106.1309523809523810,84,52
Hemmoor,2,403,49.0217391304347826,46,81
Hausham,2,399,116.0531914893617021,98,87
Lindenberg im Allgäu,2,398,95.3392857142857143,67,62
Nastätten,5,389,39.5714285714285714,98,88
Vellmar,2,389,229.2908496732026144,311,157
Falkenstein/Vogtl.,2,389,70.5370370370370370,54,82
Zeven,2,389,47.4375000000000000,64,110
Sankt Goarshausen,5,387,69.3274336283185841,114,204
Neustadt an der Donau,2,385,74.5000000000000000,84,141
Oldenburg (Oldb),1,367,43.0526315789473684,172,10
Hausach,2,364,87.9062500000000000,64,69
Mörfelden-Walldorf,2,358,120.6842105263157895,116,106
Ramstein-Miesenbach,5,358,91.4831460674157303,92,101
Höchstadt an der Aisch,2,357,49.4042553191489362,47,91
Rödermark,2,343,145.3555555555555556,92,123
Bad Soden-Salmünster,2,341,64.6990291262135922,104,191
Maxhütte-Haidhof,2,327,58.3818181818181818,55,122
Rodewisch,2,319,90.0000000000000000,55,57
Laichingen,2,311,36.7317073170731707,41,68
Neutraubling,2,310,155.7947019867549669,311,99
Ruhstorf an der Rott,2,306,126.7200000000000000,51,57
Weiterstadt,2,297,156.3711048158640227,370,172
Erlenbach am Main,2,288,77.4339622641509434,106,93
Allendorf (Eder),2,274,84.8351648351648352,91,148
Bruchköbel,2,269,146.7467811158798283,236,119
Obertshausen,2,267,159.4307692307692308,330,97
Artern/Unstrut,2,266,58.2424242424242424,66,26
Waldkraiburg,2,260,172.2800000000000000,56,44
Hattersheim am Main,2,260,129.1547169811320755,265,60
Schwalbach am Taunus,2,254,118.9392789373814042,530,110
Neuenhagen bei Berlin,2,237,123.8535031847133758,158,29
Zeulenroda-Triebes,2,233,47.2336448598130841,110,56
Wirges,5,229,111.6306306306306306,111,78
Teublitz,2,218,56.7906976744186047,44,84
Elsenfeld,2,217,64.1981981981981982,111,81
Großburgwedel,2,213,60.4634146341463415,82,52
Bad Klosterlausnitz,2,169,62.5185185185185185,138,81
Oberlungwitz,2,135,104.1578947368421053,95,17
Dernbach (Pfalz),5,123,61.7076023391812865,173,80
Ellefeld,2,75,86.4687500000000000,64,7
Wahlstedt,2,63,84.6949152542372881,59,8
Saalfeld (Mühlhausen),3,46,93.2795698924731183,95,15
